,Name,Price (in Euros),Details
0,"Mini Wafer Bites Choco, Dua Kelinci, 200g","2,59","Inhalt 216 Gramm (0,92 € * / 100 Gramm)"
1,"Masako Sapi, Ajinomoto, 1kg","7,99",Inhalt 1 Kilogramm
2,"Krupuk Mini Kleur (bunt), Tiga Rasa, 60g","2,19","Inhalt 60 Gramm (3,65 € * / 100 Gramm)"
3,"Krupuk Kampoeng ""Dorfkrupuk"" gebraten, Tiga Rasa, 70g","2,19","Inhalt 70 Gramm (3,13 € * / 100 Gramm)"
4,"Rengginang Goreng - Reiskrupuk, gebraten, Tiga Rasa, 125g","2,89","Inhalt 125 Gramm (1,99 € * / 100 Gramm)"
5,"Bon Cabe Makaroni Krispi Level 15 Jumbo Pack, 150g","1,99","Inhalt 150 Gramm (1,33 € * / 100 Gramm)"
6,"Sambal Ijo, Finna, 190g","2,99","Inhalt 190 Gramm (1,57 € * / 100 Gramm)"
7,"Sesamöl, Oh Aik Guan, 360ml","5,49","Inhalt 0.36 Liter (15,25 € * / 1 Liter)"
8,"Bon Cabe Makaroni Krispi Level 10 Jumbo Pack, 150g","1,99","Inhalt 150 Gramm (1,33 € * / 100 Gramm)"
9,"Sambal Bawang, Finna, 190g","2,99","Inhalt 190 Gramm (1,57 € * / 100 Gramm)"
10,"Sambal Kemiri, Finna, 180g","2,99","Inhalt 180 Gramm (1,66 € * / 100 Gramm)"
11,"Sambal Pedas, Finna, 190g","2,99","Inhalt 190 Gramm (1,57 € * / 100 Gramm)"
12,"Sambal Rawit, Finna, 180g","2,99","Inhalt 180 Gramm (1,66 € * / 100 Gramm)"
13,"Sambal Terasi, Finna, 190g","2,99","Inhalt 190 Gramm (1,57 € * / 100 Gramm)"
14,"Asam Jawa Tamarindenpaste, Nona, 198g","3,49","Inhalt 198 Gramm (1,76 € * / 100 Gramm)"
15,"Katjang Pedis, Asli, 150g","2,19","Inhalt 150 Gramm (0,73 € * / 100 Gramm)"
16,"Seroendeng Sedap, Asli, 200g","2,99","Inhalt 200 Gramm (0,75 € * / 100 Gramm)"
17,"Seroendeng, Asli, 200g","2,79","Inhalt 200 Gramm (0,70 € * / 100 Gramm)"
18,"Kentupat Mini Reisbeutel, 8 x 25g (200g)","2,29","Inhalt 200 Gramm (1,15 € * / 100 Gramm)"
19,"Kokosraspel, Rish, 500g","4,99","Inhalt 0.5 Kilogramm (9,98 € * / 1 Kilogramm)"
20,"Kokosraspel, Rish, 250g","2,69","Inhalt 0.25 Kilogramm (10,76 € * / 1 Kilogramm)"
21,"Bipang Jankkar Straberry (Reiswaffeln), 100g","2,29",Inhalt 100 Gramm
22,"Extra Joss Active Energy Drink Powder, 6 x 4,4g (26,4g)","2,29","Inhalt 26.4 Gramm (8,67 € * / 100 Gramm)"
23,"Malkist Kelapa Kopyor, Roma, 252g","1,99","Inhalt 0.252 Kilogramm (7,90 € * / 1 Kilogramm)"
24,"Pop Mie Vegetable/Soto, Indomie 60g","1,29","Inhalt 60 Gramm (2,15 € * / 100 Gramm)"
25,"Pop Mie Chicken, Indomie 60g","1,29","Inhalt 60 Gramm (2,15 € * / 100 Gramm)"
26,"Pop Mie Beef, Indomie 58g","1,29","Inhalt 58 Gramm (2,22 € * / 100 Gramm)"
27,"Malkist Cappucino Crackers, Roma, 115g","1,49","Inhalt 105 Gramm (1,42 € * / 100 Gramm)"
28,"Bananenchips, scharf, Tropical Gourmet, 85g","1,69","Inhalt 85 Gramm (1,99 € * / 100 Gramm)"
29,"Sambal Istimewa Cap Dua Belibis, 535ml","5,29","Inhalt 0.535 Liter (9,89 € * / 1 Liter)"
30,"Palmenzucker Caramel, flüssig, May Sweet, 500ml","5,49","Inhalt 0.5 Liter (9,58 € * / 1 Liter)"
31,"Palmenzucker AREN gemahlen, Haan, 250g","3,79","Inhalt 250 Gramm (1,28 € * / 100 Gramm)"
32,"Buldak Hot Chicken Flavor Ramen, Samyang 140g","1,59","Inhalt 140 Gramm (1,14 € * / 100 Gramm)"
33,"Yum Yum Chicken Flavour, 60g","0,49","Inhalt 60 Gramm (0,65 € * / 100 Gramm)"
34,"Yum Yum Beef Flavour, 60g","0,49","Inhalt 60 Gramm (0,65 € * / 100 Gramm)"
35,"Yum Yum Curry, 60g","0,49","Inhalt 60 Gramm (0,65 € * / 100 Gramm)"
36,"Langkornduftreis, Royal Tiger, 18kg","49,99","Inhalt 18 Kilogramm (2,78 € * / 1 Kilogramm)"
37,"Kacang Campur Mixed Nuts, Dua Kelinci, 65g","1,69","Inhalt 200 Gramm (0,85 € * / 100 Gramm)"
38,"Udon Nudeln, Samlip 200g","0,99","Inhalt 100 Gramm (9,90 € * / 1000 Gramm)"
39,"Buldak Hot Chicken Flavor Ramen 2x Spicy, Samyang 140g","1,59","Inhalt 140 Gramm (1,14 € * / 100 Gramm)"
40,"Sky Flakes, MY San, 10 x 25g","2,89","Inhalt 250 Gramm (1,16 € * / 100 Gramm)"
41,"Saoto Mix (Einlage für Soto Suppe), Dannys Favourite, 200g","3,09","Inhalt 200 Gramm (1,55 € * / 100 Gramm)"
42,"Indomie JUMBO Mi Goreng, 129g","1,19","Inhalt 128 Gramm (0,93 € * / 100 Gramm)"
43,1 Karton (24 Stück) Indomie JUMBO Mi Goreng,"27,99","Inhalt 24 Stück (1,17 € * / 1 Stück)"
44,"Schwarzer Reisessig, Chin Kiang, 550ml","2,69","Inhalt 550 ml (4,89 € * / 1000 ml)"
45,"Mangoscheiben in Syrup, Aroy-D, 425g","2,49","Inhalt 0.425 Kilogramm (5,86 € * / 1 Kilogramm)"
46,"Ikan Selar - Goldband-Selar, Thai Pride, 100g","4,79",Inhalt 100 Gramm
47,"Ikan Teri tampa Kepala - Getrocknete Anchovis ohne Kopf, Thai Pride, 100g","3,49",Inhalt 100 Gramm
48,"Ikan Teri - Getrocknete Anchovis, Thai Pride, 100g","3,19",Inhalt 100 Gramm
49,"Mini Samosa Kartoffel Teigtaschen, 20 Stück + Grünes Chtuney, 500g (Versand nur in Deutschland)","4,49","Inhalt 500 Gramm (8,98 € * / 1000 Gramm)"
50,"Langkornreis, Royal Umbrella, 1kg","3,79",Inhalt 1 Kilogramm
51,"Biji Selasih, Koepoe, 50g","2,19","Inhalt 50 Gramm (4,38 € * / 100 Gramm)"
52,"Wijsman Butter (gesalzen), 200g","4,99","Inhalt 200 Gramm (2,50 € * / 100 Gramm)"
53,"Langkorn Jasminduftreis, Aroy-D, 4,5kg","15,99","Inhalt 4.5 Kilogramm (3,55 € * / 1 Kilogramm)"
54,"Kokosmilch für Dessert, Aroy-D, 400ml","2,59","Inhalt 0.4 Liter (6,48 € * / 1 Liter)"
55,"Rambutan in Syrup, Aroy-D, 565g","5,99","Inhalt 565 Gramm (10,60 € * / 1000 Gramm)"
56,"Gingerbon Peppermint - Ingwerbonbon mit Pfefferminze, 125g","1,59","Inhalt 125 Gramm (1,27 € * / 100 Gramm)"
57,"Rambutan in Syrup, Aroy-D, 565g","5,99","Inhalt 565 Gramm (10,60 € * / 1000 Gramm)"
58,"Junge Jackfrucht in Lake, Natures Charm, 565g","2,59","Inhalt 565 Gramm (0,46 € * / 100 Gramm)"
59,"Gingerbon Honey Lemon - Ingwerbonbon mit Honig-Zitrone, 125g","1,99","Inhalt 125 Gramm (1,59 € * / 100 Gramm)"
60,"Bananenblüten in Lake, Natures Charm, 510g","2,79","Inhalt 0.51 Kilogramm (5,47 € * / 1 Kilogramm)"
61,"Junges Kokosfleisch in Syrup, Cock Brand, 425g","3,79","Inhalt 0.425 Kilogramm (8,92 € * / 1 Kilogramm)"
62,"Nasi Goreng, Bamboe, 1kg","16,99",Inhalt 1 Kilogramm
63,"Mie Noodles, Diamond, 250g","1,19","Inhalt 250 Gramm (0,48 € * / 100 Gramm)"
64,"Indomie Mi Goreng BBQ Flavour, 82g","0,69","Inhalt 82 Gramm (0,84 € * / 100 Gramm)"
65,"Edamame Sojabohnen, Ita-San, 400g","2,39","Inhalt 400 Gramm (0,60 € * / 100 Gramm)"
66,"Longans (ohne Stein), Diamond, 567g","2,99","Inhalt 567 Gramm (5,27 € * / 1000 Gramm)"
67,"Gule, Bamboe, 1kg","16,99",Inhalt 1 Kilogramm
68,"Knoblauchkrupuk, Cap Wayang, 250g","4,29","Inhalt 250 Gramm (1,72 € * / 100 Gramm)"
69,"Bumbu Sayur Asam, Finna, 50g","0,79","Inhalt 50 Gramm (1,58 € * / 100 Gramm)"
70,"Krupuk Gendar - Reiskrupuk -  Baland Bamboo, 200g","4,99","Inhalt 200 Gramm (2,50 € * / 100 Gramm)"
71,"Fischkrupuk ""Palembang Mini"" Bunt, Cap Wayang, 250g","5,99","Inhalt 250 Gramm (2,40 € * / 100 Gramm)"
72,"Shrimpkrupuk Sidarjo Sticks, Baland Bamboo, 500g","6,99","Inhalt 0.5 Kilogramm (13,98 € * / 1 Kilogramm)"
73,"Tapiokamehl, Cap Jempol, 500g","2,29","Inhalt 0.5 Kilogramm (4,58 € * / 1 Kilogramm)"
74,"Shrimpkrupuk Scharf, Baland Bamboo, 500g","6,49","Inhalt 500 Gramm (1,30 € * / 100 Gramm)"
75,"Kluwaknuss, Cap Wayang, 100g","4,99",Inhalt 100 Gramm
76,"Palmenzucker gemahlen, Cap Wayang, 250g","3,99","Inhalt 250 Gramm (1,60 € * / 100 Gramm)"
77,"Astor Schokoladen Waffel Röllchen, 150g","2,29","Inhalt 150 Gramm (1,53 € * / 100 Gramm)"
78,"Gula Aren, Cap Wayang, 250g","3,49","Inhalt 250 Gramm (1,40 € * / 100 Gramm)"
79,"Gula Kelapa, Cap Wayang, 250g","3,69","Inhalt 250 Gramm (1,48 € * / 100 Gramm)"
80,"Sukro Oven Rasa Jagung Bakar, Dua Kelinci, 100g","1,29",Inhalt 100 Gramm
81,"Cakra Kembar, Bogasari, 1kg","3,49",Inhalt 1 Kilogramm
82,"Malkist Cokelat crunchy crackers, Roma, 105g","1,49","Inhalt 105 Gramm (1,13 € * / 100 Gramm)"
83,"Sojaflocken, Amutha 250g","1,89","Inhalt 250 Gramm (0,76 € * / 100 Gramm)"
84,"Deka Mini Durian Waffel Röllchen, Dua Kelinci, 200g","2,99","Inhalt 200 Gramm (1,50 € * / 100 Gramm)"
85,"Nutrijell Rasa Cincau, 15g","0,99","Inhalt 15 Gramm (6,60 € * / 100 Gramm)"
86,"Lange Bohnen, 100g","2,79","Inhalt 100 Gramm (6,98 € * / 250 Gramm)"
87,"Kangkung - Thailändischer Wasserspinat, 200g","5,99","Inhalt 200 Gramm (2,50 € * / 100 Gramm)"
88,"Kemangi - Scharfer Vietnamesischer Basilikum, 100g","3,39","Inhalt 100 Gramm (33,90 € * / 1000 Gramm)"
89,"Fischkrupuk, Bawal Putih, Finna, 380g","3,79","Inhalt 380 Gramm (9,97 € * / 1000 Gramm)"
90,"VX, Koepoe, 45g","1,19","Inhalt 45 Gramm (2,64 € * / 100 Gramm)"
91,"Indomie Onion Chicken, 75g","0,59","Inhalt 72 Gramm (0,82 € * / 100 Gramm)"
92,"Bumbu Nasi Goreng Kunyit, 240g","4,29","Inhalt 220 Gramm (1,95 € * / 100 Gramm)"
93,"Rendang, Munik, 115g","6,39","Inhalt 115 Gramm (5,56 € * / 100 Gramm)"
94,"Indomie Mi Goreng Grüne Chili, 85g","0,59","Inhalt 85 Gramm (0,69 € * / 100 Gramm)"
95,"Selbstaufgehendes Mehl,  Green Dragon, 1,5kg","4,49","Inhalt 1.5 Kilogramm (2,99 € * / 1 Kilogramm)"
96,"Palmenzucker, flüssig, May Sweet, 500ml","5,49","Inhalt 0.5 Liter (10,98 € * / 1 Liter)"
97,"Roasted Peanuts, Dua Kelinci, 375g","5,49","Inhalt 0.375 Kilogramm (14,64 € * / 1 Kilogramm)"
98,"Roasted Peanuts, Dua Kelinci, 180g","2,99","Inhalt 180 Gramm (1,61 € * / 97 Gramm)"
99,"Grüne Jackfrucht in Wasser, Chaokoh, 560g","2,49","Inhalt 0.56 Kilogramm (4,45 € * / 1 Kilogramm)"
100,"Kokos Biscuit, Roma, 300g","1,99","Inhalt 300 Gramm (0,66 € * / 100 Gramm)"
101,"Tape Manis, Nesia, 500g","6,49","Inhalt 500 Gramm (12,98 € * / 1000 Gramm)"
102,"Melinjonüsse / Belinjonüsse, 200g (Versand nur in Deutschland)","3,79","Inhalt 200 Gramm (1,90 € * / 100 Gramm)"
103,"Mi Goreng Pangsit, ABC, 80g","0,59","Inhalt 80 Gramm (0,74 € * / 100 Gramm)"
104,"Currypaste, rot, Lobo/Cock, 400g","3,99","Inhalt 400 Gramm (1,00 € * / 100 Gramm)"
105,"Currypaste, gelb, Lobo/Cock, 400g","3,99","Inhalt 400 Gramm (1,00 € * / 100 Gramm)"
106,"Cup Korean Spicy Chicken, Mie Sedaap 81g","1,09","Inhalt 81 Gramm (1,35 € * / 100 Gramm)"
107,"Galanga, Diamond, 200g (Versand nur in Deutschland)","1,99","Inhalt 200 Gramm (9,95 € * / 1000 Gramm)"
108,"Pandanblätter, Golden Turtle, 250g (Versand nur in Deutschland)","1,99","Inhalt 250 Gramm (7,96 € * / 1000 Gramm)"
109,"Kripik Tempe mit Zitronenblättern, Nesia, 100g","2,49","Inhalt 100 Gramm (24,90 € * / 1000 Gramm)"
110,"Sagomehl Sagu Tani Merbabu, 500g","2,89","Inhalt 500 Gramm (0,58 € * / 100 Gramm)"
111,"Chiffon Chocolate, Pondan, 400g","4,39","Inhalt 400 Kilogramm (1,10 € * / 100 Kilogramm)"
112,"Chiffon Vanila, Pondan, 400g","3,99","Inhalt 400 Gramm (0,87 € * / 100 Gramm)"
113,"Sambal Geprek, Nesia, 220g","5,39","Inhalt 220 Gramm (2,45 € * / 100 Gramm)"
114,"Fischkrupuk ""Palembang"", gebraten, Tiga Rasa, 60g","2,59","Inhalt 60 Gramm (4,15 € * / 100 Gramm)"
115,"Chilisauce für Meeresfrüchte, Thai Dancer, 700ml","3,99","Inhalt 800 ml (0,50 € * / 100 ml)"
116,"Tepung Pisang Goreng Rasa Vanilla, Mamasuka, 225g","1,49","Inhalt 225 Gramm (0,66 € * / 100 Gramm)"
117,"Tepung Pisang Goreng Rasa Pandan, Mamasuka, 225g","1,49","Inhalt 225 Gramm (0,66 € * / 100 Gramm)"
118,"Kecap Manis Refill, Cap Bango, 550ml","4,99","Inhalt 550 ml (9,07 € * / 1000 ml)"
119,1 Karton (40 Stück) Indomie Soto / Vegetables Flavour,"18,99","Inhalt 40 Stück (0,47 € * / 1 Stück)"
120,"Tolakangin Flu, 12 x 15ml","5,99","Inhalt 180 ml (3,33 € * / 100 ml)"
121,"Banana Crunch, Dua Kelinci, 100g","2,99",Inhalt 100 Gramm
122,"Deka Wafer Roll Choco, Dua Kelinci, 24 x 9g","2,59","Inhalt 216 Gramm (1,20 € * / 100 Gramm)"
123,"Kripik Singkong ""Seetang"", Kusuka, 180g","2,99","Inhalt 180 Gramm (1,66 € * / 100 Gramm)"
124,"Deka Wafer Roll ChocoNUT, Dua Kelinci, 24 x 9g","2,59","Inhalt 216 Gramm (1,20 € * / 100 Gramm)"
125,"Agar Agar Stange, 2 Stück, Nesia","2,19","Inhalt 2 Stück (1,10 € * / 1 Stück)"
126,"Bon Cabe Ikan Roa, Level 15, 40g","2,99","Inhalt 40 Gramm (7,48 € * / 100 Gramm)"
127,"TicTac Snack Seetanggeschmack, Dua Kelinci, 90g","0,99","Inhalt 90 Gramm (1,10 € * / 100 Gramm)"
128,"Cup Korean Spicy Soup, Mie Sedaap 75g","1,09","Inhalt 81 Gramm (1,35 € * / 100 Gramm)"
129,"Bon Cabe Mie Goreng Level 15, Kobe, 105g","0,99","Inhalt 105 Gramm (0,94 € * / 100 Gramm)"
130,"Sambal Roa, Nesia, 200g","6,29","Inhalt 220 Gramm (2,86 € * / 100 Gramm)"
131,"TicTac Snack, Huhn Zwiebel Geschmack,  Dua Kelinci, 90g","0,99","Inhalt 90 Gramm (1,10 € * / 100 Gramm)"
132,"TicTac Snack, Rind Flavour,  Dua Kelinci, 90g","0,99","Inhalt 90 Gramm (1,10 € * / 100 Gramm)"
133,"TicTac Snack, Mix,  Dua Kelinci, 90g","0,99","Inhalt 90 Gramm (1,10 € * / 100 Gramm)"
134,"Sogokimyun Beef Ramen Flavour, 120g","0,99","Inhalt 120 Gramm (0,83 € * / 100 Gramm)"
135,"Kaffeebonbons ""Cappucino"" Kopiko, 120g","1,49","Inhalt 150 Gramm (0,99 € * / 100 Gramm)"
136,"Kripik Singkong ""Cheese Burger"", Kusuka, 180g","2,99","Inhalt 180 Gramm (1,66 € * / 100 Gramm)"
137,"Tempeh Kripik, Lucullus, 250g","2,39","Inhalt 380 Gramm (6,29 € * / 1000 Gramm)"
138,"Lychees in Syrup, Diamond, 567g","2,89","Inhalt 567 Gramm (4,57 € * / 1000 Gramm)"
139,"TicTac Snack, Original,  Dua Kelinci, 90g","0,99","Inhalt 90 Gramm (1,10 € * / 100 Gramm)"
140,"Sambal Hijau, ABC, 180g","4,29","Inhalt 180 Gramm (2,38 € * / 100 Gramm)"
141,"Durianstangen (Lempok), X.O., 100g","3,09","Inhalt 100 Gramm (29,90 € * / 1000 Gramm)"
142,"Nudelsuppe mit Semur-Geschmack ""Selera Pedas"", ABC, 70g","0,45","Inhalt 72 Gramm (0,63 € * / 100 Gramm)"
143,"Nudelsuppe mit Hähnchenzwiebelgeschmack, ABC, 65g","0,45","Inhalt 65 Gramm (0,69 € * / 100 Gramm)"
144,"Nudelsuppe mit Gulai-Geschmack, ABC, 70g","0,45","Inhalt 65 Gramm (0,69 € * / 100 Gramm)"
145,"Enting-Enting Gepuk, 130g","2,19","Inhalt 130 Gramm (1,68 € * / 100 Gramm)"
146,"Cup Mi Goreng, Mie Sedaap 85g","0,99","Inhalt 81 Gramm (1,22 € * / 100 Gramm)"
147,"Cup Baso Spesial, Mie Sedaap 77g","0,99","Inhalt 81 Gramm (1,22 € * / 100 Gramm)"
148,"Cup Ayam Bawang Telur, Mie Sedaap 77g","0,99","Inhalt 81 Gramm (1,22 € * / 100 Gramm)"
149,"Cup Soto, Mie Sedaap 81g","0,99","Inhalt 81 Gramm (1,22 € * / 100 Gramm)"
150,"Guavennektar, Foco, 350ml","1,79","Inhalt 350 ml (0,51 € * / 100 ml)"
151,"Kemirinuss, 1kg","19,90",Inhalt 1 Kilogramm
152,"Rengginang - Reiskrupuk salzig, Nesia, 200g","2,79","Inhalt 200 Gramm (1,40 € * / 100 Gramm)"
153,"Zitronenblätter, getrocknet, 25g","1,89","Inhalt 25 Gramm (7,56 € * / 100 Gramm)"
154,"Chili, ganz mit Stil, getrocknet, Thai Dancer, 100g","2,89",Inhalt 100 Gramm
155,"Sambal Peteh, Koningsvogel, 360g","4,99","Inhalt 0.36 Kilogramm (13,86 € * / 1 Kilogramm)"
156,"Palembang Pedas Krupuk, Bocah Tua, 200g","4,29","Inhalt 198 Gramm (2,02 € * / 100 Gramm)"
157,"Mie Sedaap Baso Spesial, 77g","0,49","Inhalt 77 Gramm (0,64 € * / 100 Gramm)"
158,"1 Karton (40 Stück) Mie Sedaap Baso Spesial, 77g","19,80","Inhalt 1.95 Kilogramm (8,20 € * / 1 Kilogramm)"
159,"Sago Delima, Flower Brand, 200g","1,99","Inhalt 200 Gramm (1,00 € * / 100 Gramm)"
160,"Mie Sedaap Tasty Sambal Matah, 124g","1,39","Inhalt 124 Gramm (1,12 € * / 100 Gramm)"
161,"Mie Sedaap Tasty Kriuk Ayam Asli, 124g","1,39","Inhalt 124 Gramm (1,12 € * / 100 Gramm)"
162,"Rengginang - Reiskrupuk, salzig, Lucullus, 250g","2,99","Inhalt 250 Gramm (1,20 € * / 100 Gramm)"
163,"Langkornduftreis, Vientiane, 18kg","47,99","Inhalt 18 Kilogramm (2,67 € * / 1 Kilogramm)"
164,"Kripik Singkong ""Sweet Corn"", Kusuka, 180g","2,99","Inhalt 180 Gramm (1,66 € * / 100 Gramm)"
165,"Kecap Sambal, Kokita, 400g","4,99","Inhalt 0.4 Kilogramm (12,48 € * / 1 Kilogramm)"
166,"Rica-Rica, Dua Kuali, 50g","0,89","Inhalt 50 Gramm (1,78 € * / 100 Gramm)"
167,"Mie Sedaap Korean Spicy Chicken, 87g","0,59","Inhalt 87 Gramm (0,68 € * / 100 Gramm)"
168,"Bakmi Sop Buntut, Bakmi Mewah, 122g","2,19","Inhalt 122 Gramm (1,80 € * / 100 Gramm)"
169,"Erdbeer Jelly Pudding, Cocon, 6x80g","3,49","Inhalt 0.48 Kilogramm (7,27 € * / 1 Kilogramm)"
170,"Langkornduftreis, Royal Thai, 20kg","49,99","Inhalt 20 Kilogramm (2,50 € * / 1 Kilogramm)"
171,"Talam Beras, Pondan, 300g","3,49","Inhalt 0.3 Kilogramm (11,63 € * / 1 Kilogramm)"
172,"Lapis Tepung Beras, Pondan, 400g","3,99","Inhalt 0.4 Kilogramm (9,98 € * / 1 Kilogramm)"
173,"Lapis Legit, Pondan, 375g","3,99","Inhalt 0.375 Kilogramm (10,64 € * / 1 Kilogramm)"
174,"Rangginan Asin - Reiskrupuk, gebraten, Srikandi, 180g","4,69","Inhalt 180 Gramm (2,61 € * / 100 Gramm)"
175,"Rangginan Manis - Reiskrupuk, süß, gebraten, Srikandi, 180g","4,69","Inhalt 180 Gramm (2,61 € * / 100 Gramm)"
176,"Geröstete rote Schalotten, Asian Boy, 100g","2,19",Inhalt 100 Gramm
177,"Sojabohnensauce, M.Y. San, 350ml","3,49","Inhalt 350 Liter (0,01 € * / 1 Liter)"
178,"Kenchur, gemahlen, Lucullus, 35g","2,99","Inhalt 35 Gramm (8,54 € * / 100 Gramm)"
179,"Bon Cabe Anchovies, Level 3, Kobe, 50g","3,19","Inhalt 50 Gramm (6,38 € * / 100 Gramm)"
180,"Tepung Kremes, Unifood, 50g","0,89","Inhalt 50 Gramm (1,78 € * / 100 Gramm)"
181,"Bakso Goreng, Unifood, 200g","1,99","Inhalt 200 Gramm (1,00 € * / 100 Gramm)"
182,"Tepung Bakwan, Unifood, 80g","0,79","Inhalt 80 Gramm (0,99 € * / 100 Gramm)"
183,"Tepung Tempura, Unifood, 80g","0,79","Inhalt 80 Gramm (0,99 € * / 100 Gramm)"
184,"Tepung Rempeyek, Unifood, 200g","1,99","Inhalt 200 Gramm (1,00 € * / 100 Gramm)"
185,"Cendolmehl mit Himbeeraroma, Sruut, 100g","1,69",Inhalt 100 Gramm
186,"Cendolmehl mit Vanille, Sruut, 100g","1,69",Inhalt 100 Gramm
187,"Biji Delima, Nesia, 100g","0,99",Inhalt 100 Gramm
188,"Erdnußsauce für Sate, Ratu Culinair, 200g","2,99","Inhalt 200 Gramm (1,50 € * / 100 Gramm)"
189,"Bumbu Gado-Gado, Ratu Culinair, 200g","2,99","Inhalt 200 Gramm (1,50 € * / 100 Gramm)"
190,"Roter Langkornreis , Royal Thai, 1kg","5,99",Inhalt 1 Kilogramm
191,"Gingerbon Jahe Susu, 100g","1,79",Inhalt 100 Gramm
192,"Ingwerbonbon Ting Ting Jahe Sin A, 100g","1,79",Inhalt 100 Gramm
193,"Energen Schokolade, 10 x 30g","2,99","Inhalt 0.3 Kilogramm (9,97 € * / 1 Kilogramm)"
194,"Energen Vanille, 10 x 30g","2,99","Inhalt 0.3 Kilogramm (9,97 € * / 1 Kilogramm)"
195,"Krupuk Talie Warna, Nesia, 250g","1,99","Inhalt 250 Gramm (0,80 € * / 100 Gramm)"
196,"Royco Rasa Ayam, 230g","2,99","Inhalt 230 Gramm (1,30 € * / 100 Gramm)"
197,"Royco Rasa Sapi, 230g","2,99","Inhalt 230 Gramm (1,30 € * / 100 Gramm)"
198,"Kentucky, Unifood, 200g","1,99","Inhalt 200 Gramm (1,00 € * / 100 Gramm)"
199,"Kurkumablätter, Nesia, 200g","3,99","Inhalt 200 Gramm (2,00 € * / 100 Gramm)"
200,"Papayablätter, 200g","3,49","Inhalt 200 Gramm (1,75 € * / 100 Gramm)"
201,"Bolu Kukus Mawar, Pondan, 400g","3,99","Inhalt 400 Kilogramm (0,01 € * / 1 Kilogramm)"
202,"Membrangarnelen, getrocknet, Jefi, 100g","9,79",Inhalt 100 Gramm
203,"Schwarzer Klebreis, Royal Thai, 1kg","5,99",Inhalt 1 Kilogramm
204,"Premium Tofu (natural), 450g","1,99",Inhalt 1 Stück
205,"Papaya in Syrup, Daily, 565g","3,29","Inhalt 565 Gramm (5,29 € * / 1000 Gramm)"
206,"Masako Ayam, Ajinomoto, 1kg","7,99",Inhalt 1 Kilogramm
207,"Bakmi goreng Komplit, Mayora, 110g","1,59","Inhalt 110 Gramm (1,45 € * / 100 Gramm)"
208,"Bakmi Mewah Ayam, Mayora, 110g","2,19","Inhalt 110 Gramm (1,99 € * / 100 Gramm)"
209,"Bubur Instan Lezat rasa Ayam, 45g","0,69","Inhalt 45 Gramm (1,53 € * / 100 Gramm)"
210,"Palmenzucker, Nesia, 245g","1,99","Inhalt 245 Gramm (0,81 € * / 100 Gramm)"
211,"Palmenzucker, Intra, 270g","2,99","Inhalt 270 Gramm (11,07 € * / 1000 Gramm)"
212,"Rendang, Bamboe, 1kg","28,49",Inhalt 1 Kilogramm
213,"Schwarzes Klebreismehl, Thai Dancer, 400g","2,89","Inhalt 400 Gramm (0,72 € * / 100 Gramm)"
214,"Saos Raja Rasa, 600ml","5,99","Inhalt 600 ml (9,98 € * / 1000 ml)"
215,"Kokosmilch, Sasa, 200ml","1,69","Inhalt 200 ml (0,85 € * / 100 ml)"
216,"Kokosmilch, Sasa, 65ml","0,59","Inhalt 65 ml (0,91 € * / 100 ml)"
217,"Kacang Sukro, OVEN Bawang, 100g","1,49",Inhalt 100 Gramm
218,"Palmenzucker, flüssig, Flower Brand, 1l","6,99",Inhalt 1 Liter
219,"Nutrijell Schoko, 15g","1,09","Inhalt 15 Gramm (7,27 € * / 100 Gramm)"
220,"Nutrijell Lychee, 15g","0,99","Inhalt 15 Gramm (6,60 € * / 100 Gramm)"
221,"Nutrijell (ohne Geschmack), 15g","0,99","Inhalt 15 Gramm (6,60 € * / 100 Gramm)"
222,"Nutrijell Kokos, 15g","0,99","Inhalt 15 Gramm (6,60 € * / 100 Gramm)"
223,"Trockenhefe (aktiv), Koepoe, 65g","1,99","Inhalt 65 Gramm (3,06 € * / 100 Gramm)"
224,"Soda Kue, Koepoe, 81g","1,09","Inhalt 82 Gramm (1,33 € * / 100 Gramm)"
225,"Frühlingsrollen, 60 Stück, 900g (Versand nur in Deutschland)","5,29","Inhalt 900 Gramm (0,59 € * / 100 Gramm)"
226,"Djenkolnuss (Jenkol), Nesia, 200g","4,99","Inhalt 200 Gramm (2,50 € * / 100 Gramm)"
227,"Kokosscheiben, Golden Turtle, 250g (Versand nur in Deutschland)","2,99","Inhalt 250 Gramm (1,04 € * / 100 Gramm)"
228,"Shanghai Pak Choi, 500g","3,99","Inhalt 4991 Gramm (0,06 € * / 100 Gramm)"
229,"Chayote, 500g","2,79","Inhalt 0.5 Kilogramm (5,58 € * / 1 Kilogramm)"
230,"Pandanblätter, 100g","2,79","Inhalt 100 Gramm (27,90 € * / 1000 Gramm)"
231,"Galanga (Thail. Ingwer), 100g","2,79","Inhalt 100 Gramm (27,90 € * / 1000 Gramm)"
232,"Kurkuma, frisch, 100g","2,79","Inhalt 100 Gramm (27,90 € * / 1000 Gramm)"
233,"Zitronengrass, 100g","1,59",Inhalt 100 Gramm
234,"Chili, mini, grün, 100g","2,99","Inhalt 100 Gramm (29,90 € * / 1000 Gramm)"
235,"Cassaveblätter, Nesia, 200g","3,99","Inhalt 200 Gramm (2,00 € * / 100 Gramm)"
236,"Tempe, frisch, 400g","2,09","Inhalt 400 Gramm (5,23 € * / 1000 Gramm)"
237,"Rote Chilis, ganz, Golden Turtle, 250g (Versand nur in Deutschland)","2,99","Inhalt 250 Gramm (11,96 € * / 1000 Gramm)"
238,"Salamblätter (Indischer Lorbeer), 100g","4,99","Inhalt 100 Gramm (49,90 € * / 1000 Gramm)"
239,"Zitronengrass, Golden Turtle, 250g (Versand nur in Deutschland)","1,49","Inhalt 200 Gramm (0,75 € * / 100 Gramm)"
240,"Frühlingsrollenteig 40, Spring Home, 550g (Versand nur in Deutschland)","3,79","Inhalt 550 Gramm (0,69 € * / 100 Gramm)"
241,"Zitronenblätter, BDMP, 100g","3,49",Inhalt 100 Gramm
242,"Roti Paratha, Spring Home, 320g (Versand nur in Deutschland)","2,59","Inhalt 320 Gramm (8,09 € * / 1000 Gramm)"
243,"Cassave, ganz, Jenny`s, 454g (Versand nur in Deutschland)","2,19","Inhalt 275 Gramm (0,80 € * / 100 Gramm)"
244,"Cassave gemahlen, Jenny`s, 454g (Versand nur in Deutschland)","2,19","Inhalt 454 Gramm (4,79 € * / 993 Gramm)"
245,"Bananenblätter, BDMP, 454g (Versand nur in Deutschland)","2,69","Inhalt 454 Gramm (5,91 € * / 998 Gramm)"
246,"Zitronenblätter, 20g","0,89","Inhalt 20 Gramm (4,45 € * / 100 Gramm)"
247,"Frischer, weicher Tofu, 1 Stück","2,59",Inhalt 1 Stück
248,"Frühlingsrollenteig 50, 250g (Versand nur in Deutschland)","1,99","Inhalt 250 Gramm (0,80 € * / 100 Gramm)"
249,"Wantanteig für Suppe, 250g (nur innerhalb Deutschland)","2,19","Inhalt 250 Gramm (0,88 € * / 100 Gramm)"
250,"Wantanteig zum Braten, 250g (nur innerhalb Deutschland)","2,19","Inhalt 250 Gramm (0,88 € * / 100 Gramm)"
251,"Weicher Tofu, 400g","1,79","Inhalt 400 Gramm (4,48 € * / 1000 Gramm)"
252,"Mungbohnensprossen, 500g","1,79","Inhalt 0.5 Kilogramm (3,58 € * / 1 Kilogramm)"
253,"Dunkle Sojasuce, PRB, 150ml","1,49","Inhalt 150 ml (0,99 € * / 100 ml)"
254,"Sojastücke / Sojabrocken, Amutha, 250g","1,89","Inhalt 250 Gramm (0,76 € * / 100 Gramm)"
255,"Sambal  Pecel Karangsari, Tidak  Pedas, 200g","2,49","Inhalt 200 Gramm (1,25 € * / 100 Gramm)"
256,"Sambal  Pecel Karangsari, Pedas, 200g","2,49","Inhalt 200 Gramm (1,25 € * / 100 Gramm)"
257,"Sambal Padang / Sambal Hijau, 260g","4,29","Inhalt 260 Gramm (1,65 € * / 100 Gramm)"
258,"Sambal Cobek Istimewa, 270g","4,29","Inhalt 240 Gramm (1,79 € * / 100 Gramm)"
259,"Sambal Cobek Terasi, Cap Ibu, 270g","4,29","Inhalt 270 Gramm (1,59 € * / 100 Gramm)"
260,"Sambal Terasi, scharf, Cap Ibu, 260g","4,29","Inhalt 260 Gramm (1,65 € * / 100 Gramm)"
261,"Sambal Pemuda Mittelscharf, Cap Ibu, 260g","4,29","Inhalt 260 Gramm (1,65 € * / 100 Gramm)"
262,"Sambal Pemuda Extra Scharf, Cap Ibu, 260g","4,29","Inhalt 260 Gramm (1,65 € * / 100 Gramm)"
263,"Kecap Manis, Cap Bango, 275ml","3,79","Inhalt 275 ml (1,38 € * / 100 ml)"
264,"Sambal Oelek, Wind Mill, 750g","3,49","Inhalt 750 Gramm (0,47 € * / 100 Gramm)"
265,"Sambal Trassi, Koningsvogel, 200g","2,49","Inhalt 200 Gramm (1,25 € * / 100 Gramm)"
266,"Sambal Nasi Goreng, Koningsvogel, 360g","4,29","Inhalt 390 Gramm (1,10 € * / 100 Gramm)"
267,"Sambal Djeroek, Koningsvogel, 375g","2,99","Inhalt 375 Gramm (0,80 € * / 100 Gramm)"
268,"Karangsari Gado-Gado, TIDAK PEDAS, 180g","2,49","Inhalt 180 Gramm (1,38 € * / 100 Gramm)"
269,"Süße Sojasauce, HBB, 300ml","2,89","Inhalt 300 ml (0,96 € * / 100 ml)"
270,"Sambal Oelek, Wind Mill, 370g","2,59","Inhalt 370 Gramm (0,70 € * / 100 Gramm)"
271,"Kemiripaste, Koningsvogel, 180g","3,39","Inhalt 180 Gramm (1,88 € * / 100 Gramm)"
272,"Sambal Oelek, Wind Mill, 200g","1,49","Inhalt 200 Gramm (0,75 € * / 100 Gramm)"
273,"Sambal Trassi, Koningsvogel, 375g","3,49","Inhalt 375 Gramm (9,31 € * / 1000 Gramm)"
274,"Kecap Manis, Cap Bango, 620ml","6,99","Inhalt 620 ml (1,13 € * / 100 ml)"
275,"Sambal Istimewa Cap Dua Belibis, 24x9ml","2,19","Inhalt 216 ml (1,01 € * / 100 ml)"
276,"Sambal Sriracha EXTRA HOT, Flying Goose, 730ml","6,59","Inhalt 730 ml (0,90 € * / 100 ml)"
277,"Sambal Goreng Tempe Pedas, 100g","2,79","Inhalt 100 Gramm (27,90 € * / 1000 Gramm)"
278,"Sambal Badjak, Koningsvogel, 375g","4,19","Inhalt 375 Gramm (1,12 € * / 100 Gramm)"
279,"Sambal Oelek, Flower Brand, 200g","1,59","Inhalt 200 Gramm (0,80 € * / 100 Gramm)"
280,"Sambal Asli, ABC, 335ml","2,69","Inhalt 335 ml (0,80 € * / 100 ml)"
281,"Kecap Manis A, 250ml","1,79","Inhalt 250 ml (0,72 € * / 100 ml)"
282,"Süße Chilisauce für Hähnchen, Cock, 4500ml","19,99","Inhalt 4450 ml (4,49 € * / 1000 ml)"
283,"Sambal Istimewa Cap Dua Belibis, 340ml","3,99","Inhalt 340 ml (1,14 € * / 100 ml)"
284,"Sambal  Pecel Karangsari, Sedang, 200g","2,49","Inhalt 200 Gramm (1,25 € * / 100 Gramm)"
285,"Kecap Asin, ABC, 600ml","2,99","Inhalt 600 ml (0,50 € * / 100 ml)"
286,"Kecap Manis, ABC, 6kg","21,99","Inhalt 6 Kilogramm (3,67 € * / 1 Kilogramm)"
287,"Sambal Badjak Extra Pedas, Koningsvogel, 375g","4,19","Inhalt 375 Gramm (1,12 € * / 100 Gramm)"
288,"Worcestershire Sauce, 300ml","4,29","Inhalt 300 ml (1,43 € * / 100 ml)"
289,"Kecap Manis, Kaki Tiga, 1000ml","5,49","Inhalt 1000 ml (0,55 € * / 100 ml)"
290,"Kecap Manis, ABC, 600ml","3,99","Inhalt 600 ml (6,65 € * / 1000 ml)"
291,"Kecap Manis A, 1000ml","4,19","Inhalt 1000 ml (0,42 € * / 100 ml)"
292,"Sambal Manis Pedas, ABC, 340ml","2,99","Inhalt 340 ml (0,88 € * / 100 ml)"
293,"Sesamöl, Oh Aik Guan, 150ml","2,79","Inhalt 150 ml (1,86 € * / 100 ml)"
294,"Sambal Trassi, Flower Brand, 375g","2,89","Inhalt 375 Gramm (0,77 € * / 100 Gramm)"
295,"Sambal Trassi, Flower Brand, 200g","1,79","Inhalt 200 Gramm (0,90 € * / 100 Gramm)"
296,"Sambal Terasi, ABC, 180g","4,29","Inhalt 200 Gramm (2,15 € * / 100 Gramm)"
297,"Sambal Sriracha, Flying Goose, 455ml","4,89","Inhalt 455 ml (1,07 € * / 100 ml)"
298,"Sambal Sriracha, Flying Goose, 200ml","2,89","Inhalt 200 ml (1,45 € * / 100 ml)"
299,"Sambal Peteh, Koningsvogel, 180g","2,99","Inhalt 180 Gramm (1,66 € * / 100 Gramm)"
300,"Sambal Oelek, Flower Brand, 375g","1,99","Inhalt 375 Gramm (0,53 € * / 100 Gramm)"
301,"Sambal Manis, Koningsvogel, 375g","3,99","Inhalt 375 Gramm (1,06 € * / 100 Gramm)"
302,"Sambal Manis, Koningsvogel, 200g","2,49","Inhalt 200 Gramm (1,25 € * / 100 Gramm)"
303,"Sambal Ketjap, Koningsvogel, 400g","3,59","Inhalt 400 Gramm (0,90 € * / 100 Gramm)"
304,"Sambal Extra Pedas, ABC, 335ml","2,69","Inhalt 335 ml (0,80 € * / 100 ml)"
305,"Sambal Cabe Rawit Rot, Flower Brand, 375g","2,99","Inhalt 375 Gramm (0,80 € * / 100 Gramm)"
306,"Sambal Cabe Rawit Grün, Flower Brand, 200g","1,99","Inhalt 200 Gramm (1,00 € * / 100 Gramm)"
307,"Sambal Brandal, Koningsvogel, 375g","3,89","Inhalt 375 Gramm (1,04 € * / 100 Gramm)"
308,"Sambal Balado, Cap Ibu, 220g","4,29","Inhalt 220 Gramm (1,95 € * / 100 Gramm)"
309,"Sambal Bakso, Nesia, 250g","4,99","Inhalt 250 Gramm (2,00 € * / 100 Gramm)"
310,"Sambal Badjak, Hot, Flower Brand, 375g","2,99","Inhalt 375 Gramm (0,80 € * / 100 Gramm)"
311,"Sambal Badjak, Flower Brand, 375g","2,99","Inhalt 375 Gramm (0,80 € * / 100 Gramm)"
312,"Sambal Badjak, Flower Brand, 200g","1,99","Inhalt 200 Gramm (1,00 € * / 100 Gramm)"
313,"Roedjak Manis, Koningsvogel, 400g","4,29","Inhalt 400 Gramm (1,07 € * / 100 Gramm)"
314,"Kecap Manis SEDANG, ABC, 620ml","3,99","Inhalt 620 ml (0,64 € * / 100 ml)"
315,"Kokosöl, KTC, 500ml","5,49","Inhalt 500 ml (1,10 € * / 100 ml)"
316,"Kokosöl, KTC, 250ml","3,19","Inhalt 250 ml (1,28 € * / 100 ml)"
317,"Helle Sojasuce, PRB, 150ml","1,49","Inhalt 150 ml (0,99 € * / 100 ml)"
318,"Helle Sojasauce, PRB, 500ml","2,69","Inhalt 500 ml (0,54 € * / 100 ml)"
319,"Fischsauce, Squid Brand, 725ml","3,29","Inhalt 725 ml (0,45 € * / 100 ml)"
320,"Fischsauce, Squid Brand, 300ml","1,79","Inhalt 300 ml (0,60 € * / 100 ml)"
321,"Dunkle Sojasoße, PRB, 500ml","2,99","Inhalt 500 ml (0,60 € * / 100 ml)"
322,"Sambal Istimewa Cap Dua Belibis, 135ml","1,39","Inhalt 135 ml (1,03 € * / 100 ml)"
323,"Chilisauce für Frühlingsrollen, Royal Thai, 275ml","1,79","Inhalt 275 ml (0,65 € * / 100 ml)"
324,"Erdnußöl, 1l","5,49","Inhalt 1000 ml (0,55 € * / 100 ml)"
325,"Kacang Shanghai, Dua Kelinci, 450g","4,79","Inhalt 450 Gramm (10,64 € * / 1000 Gramm)"
326,"Kacang Shanghai, Dua Kelinci, 200g","2,49","Inhalt 200 Gramm (1,15 € * / 100 Gramm)"
327,"Krupuk Kampung ""Bawang Oelang Tahoen"", Nesia, 250g","1,99","Inhalt 250 Gramm (0,80 € * / 100 Gramm)"
328,"Krupuk Kampung ""Teratai Warna"", Nesia, 250g","1,99","Inhalt 250 Gramm (0,80 € * / 100 Gramm)"
329,"Krupuk Kampung ""Teratai Mas"", Nesia, 250g","1,99","Inhalt 250 Gramm (0,80 € * / 100 Gramm)"
330,"Krupuk Kampung ""Mie Besar"", Nesia, 250g","1,99","Inhalt 250 Gramm (0,80 € * / 100 Gramm)"
331,"Rengginang Goreng - Reiskrupuk, gebraten, Nesia, 125g","2,59","Inhalt 125 Gramm (2,07 € * / 100 Gramm)"
332,"Scharfe Shrimptaschen (Sumpia Pedas), Nesia, 150g","2,49","Inhalt 150 Gramm (1,66 € * / 100 Gramm)"
333,"Süße Shrimptaschen (Sumpia), Nesia, 150g","2,49","Inhalt 150 Gramm (1,66 € * / 100 Gramm)"
334,"Weißer Klebreis, 1kg","4,79","Inhalt 1000 Gramm (0,48 € * / 100 Gramm)"
335,"Fischkrupuk ""Palembang Mini"",  Cap Wayang, 250g","5,79","Inhalt 250 Gramm (2,32 € * / 100 Gramm)"
336,"Zwiebelkrupuk, bunt, Cap Wawang, 250g","4,49","Inhalt 250 Gramm (1,80 € * / 100 Gramm)"
337,"Shrimpkrupuk, gebraten, Tiga Rasa, 80g","1,59","Inhalt 80 Gramm (1,99 € * / 100 Gramm)"
338,"Quick Cooking Noodle, 500g","2,49","Inhalt 500 Gramm (4,98 € * / 1000 Gramm)"
339,"Lontong Reisbeutel, 125g","0,59","Inhalt 125 Gramm (0,47 € * / 100 Gramm)"
340,"Emping Melinjo, 1kg","11,99","Inhalt 1000 Gramm (1,20 € * / 100 Gramm)"
341,"Bananenchips, sweet, Tropical Gourmet, 85g","1,69","Inhalt 85 Gramm (1,99 € * / 100 Gramm)"
342,"Glasnudeln Longkou, 100g","0,79","Inhalt 100 Gramm (0,73 € * / 92 Gramm)"
343,"Glasnudeln Longkou, 250g","1,59","Inhalt 250 Gramm (0,64 € * / 100 Gramm)"
344,"Glasnudeln Longkou, 500g","2,99","Inhalt 500 Gramm (5,98 € * / 1000 Gramm)"
345,"Nata de Coco Pudding, gemischt, Cocon, 480g","3,49","Inhalt 480 Gramm (0,73 € * / 100 Gramm)"
346,"Austernsoße, LKK, 907g","6,49","Inhalt 907 Gramm (0,72 € * / 100 Gramm)"
347,"Austernsoße, LKK, 255g","2,59","Inhalt 255 Gramm (1,02 € * / 100 Gramm)"
348,"Singkong Pedis, gebraten, Udang Mas, 80g","1,89","Inhalt 80 Gramm (2,36 € * / 100 Gramm)"
349,"Reisnudeln Wai Wai, 200g","1,29","Inhalt 200 Gramm (0,65 € * / 100 Gramm)"
350,"Austernsoße, LKK, 510g","3,99","Inhalt 510 Gramm (0,78 € * / 100 Gramm)"
351,"Fischkrupuk Palembang Mini, gebraten, Tiga Rasa, 60g","2,49","Inhalt 60 Gramm (4,15 € * / 100 Gramm)"
352,"Cupnudel mit Curry-Hähnchengeschmack, ABC, 60g","0,99","Inhalt 60 Gramm (1,65 € * / 100 Gramm)"
353,"Kacang Kulit, Garuda, 375g","4,99","Inhalt 0.375 Kilogramm (13,31 € * / 1 Kilogramm)"
354,"Weizennudeln, breit, Swallow Sailing, 454g","2,39","Inhalt 454 Gramm (5,26 € * / 1000 Gramm)"
355,"Kacang Kulit, Garuda, 200g","2,69","Inhalt 200 Gramm (1,35 € * / 100 Gramm)"
356,"Beng-Beng, 25g","0,50","Inhalt 25 Gramm (1,98 € * / 99 Gramm)"
357,1 Karton (20 Stück) Beng-Beng,"9,99","Inhalt 0.5 Kilogramm (17,98 € * / 1 Kilogramm)"
358,"Kaffeebonbons Kopiko, 120g","1,49","Inhalt 120 Gramm (1,24 € * / 100 Gramm)"
359,"Krupuk Kampung ""Matahari"", Nesia, 250g","1,99","Inhalt 250 Gramm (0,80 € * / 100 Gramm)"
360,"Krupuk Kampung ""Rawon"", Nesia, 250g","1,99","Inhalt 250 Gramm (0,80 € * / 100 Gramm)"
361,"Krupuk Kampung ""Pesta Besar/Happy"", Nesia, 250g","1,99","Inhalt 250 Gramm (0,80 € * / 100 Gramm)"
362,"Krupuk Kampung ""Talie Mas"", Nesia, 250g","1,99","Inhalt 250 Gramm (0,80 € * / 100 Gramm)"
363,"Cupnudel mit Zwiebel-Hähnchengeschmack, ABC, 60g","0,99","Inhalt 60 Gramm (1,65 € * / 100 Gramm)"
364,"Cupnudel mit Rindgeschmack, ABC, 60g","0,99","Inhalt 60 Gramm (1,65 € * / 100 Gramm)"
365,"Cupnudel mit Sotogeschmack, ABC, 60g","0,99","Inhalt 60 Gramm (1,65 € * / 100 Gramm)"
366,"Weizennudeln Atoom Bulan, 200g","1,59","Inhalt 200 Gramm (0,80 € * / 100 Gramm)"
367,"Emping Melinjo, 300g","3,69","Inhalt 300 Gramm (1,23 € * / 100 Gramm)"
368,"Kacang Atom, Garuda, 1kg","7,99",Inhalt 1 Kilogramm
369,"Langkornduftreis, Royal Thai, 1kg","3,99",Inhalt 1 Kilogramm
370,"Langkornduftreis, Royal Thai, 18kg","59,99","Inhalt 18 Kilogramm (3,33 € * / 1 Kilogramm)"
371,"Duftbruchreis, Aroy-D, 20kg","39,99","Inhalt 20 Kilogramm (2,00 € * / 1 Kilogramm)"
372,1 Karton (40 Stück) Indomie Special Chicken Flavour,"18,99","Inhalt 40 Stück (0,47 € * / 1 Stück)"
373,1 Karton (40 Stück) Indomie Chicken Flavour,"17,99","Inhalt 40 Stück (0,45 € * / 1 Stück)"
374,"Indomie Chicken Flavour, 70g","0,49","Inhalt 70 Gramm (0,70 € * / 100 Gramm)"
375,1 Karton (40 Stück) Indomie Chicken Curry Flavour,"18,99","Inhalt 40 Stück (0,47 € * / 1 Stück)"
376,"Sojabohnenpaste, Healthy Boy Brand, 245ml","1,89","Inhalt 245 ml (0,77 € * / 100 ml)"
377,"Reisnudeln Wai Wai, 400g","2,69","Inhalt 0.4 Kilogramm (6,73 € * / 1 Kilogramm)"
378,"Borrel Tempe, Tiga Rasa, 125g","3,49","Inhalt 125 Gramm (2,79 € * / 100 Gramm)"
379,"Indomie Shrimp Flavour, 70g","0,49","Inhalt 70 Gramm (0,70 € * / 100 Gramm)"
380,"1 Karton (40 Stück) Indomie Shrimp Flavour, 70g","17,99","Inhalt 70 Gramm (25,70 € * / 100 Gramm)"
381,"Indomie Soto / Vegetables Flavour, 80g","0,49","Inhalt 80 Gramm (0,61 € * / 100 Gramm)"
382,"Indomie Special Chicken Flavour, 75g","0,49","Inhalt 75 Gramm (0,65 € * / 100 Gramm)"
383,"Langkornduftreis, Golden Phoenix, 5kg","21,99","Inhalt 5 Kilogramm (4,00 € * / 1 Kilogramm)"
384,"Langkornduftreis, Royal Thai, 4,5kg","16,99","Inhalt 4.5 Kilogramm (3,78 € * / 1 Kilogramm)"
385,"Duftbruchreis, Royal Thai, 4,5kg","12,99","Inhalt 4.5 Kilogramm (2,89 € * / 1 Kilogramm)"
386,"Basmatireis, XXL-Grain, Ahmed, 10kg","34,99","Inhalt 10 Kilogramm (3,50 € * / 1 Kilogramm)"
387,"Lapis Legit Pelangi, Morisca, 365g","4,79","Inhalt 365 Gramm (1,31 € * / 100 Gramm)"
388,1 Karton (24 Stück) Indomie JUMBO Mi Goreng Barbeque,"27,99","Inhalt 24 Stück (1,17 € * / 1 Stück)"
389,"Indomie JUMBO Mi Goreng Barbeque, 128g","1,19","Inhalt 128 Gramm (0,93 € * / 100 Gramm)"
390,"Gendar Istimewa - Reiskrupuk,  Nesia, 200g","2,99","Inhalt 200 Gramm (1,50 € * / 100 Gramm)"
391,"Krupuk Gendar Bawang - Reiskrupuk mit Zwiebelgeschmack, Adarasa, 150g","1,99","Inhalt 150 Gramm (1,33 € * / 100 Gramm)"
392,"Krupuk Gendar Manis Pedas, süß-scharf, Nesia, 200g","1,89","Inhalt 200 Gramm (0,95 € * / 100 Gramm)"
393,"Roasted Peanuts Rasa Bawang, Garuda, 140g","1,99","Inhalt 140 Gramm (1,42 € * / 100 Gramm)"
394,"Cassavechips, Maicih, Level 5, 100g","2,99",Inhalt 100 Gramm
395,"Kacang Sukro, Barbeque, 130g","1,49","Inhalt 130 Gramm (1,15 € * / 100 Gramm)"
396,"Shrimpkrupuk, Sa Giang, 200g","1,39","Inhalt 200 Gramm (0,70 € * / 100 Gramm)"
397,"Sojabohnensauce, M.Y. San, 200ml","2,39","Inhalt 200 ml (1,20 € * / 100 ml)"
398,"Kacang Atom Pedas, Garuda, 200g","2,19","Inhalt 200 Gramm (1,10 € * / 100 Gramm)"
399,"Weizennudeln (breit) Atoom Bulan, 200g","1,49","Inhalt 200 Gramm (0,75 € * / 100 Gramm)"
400,"Gemüsekrupuk, Finna, 380g","2,59","Inhalt 380 Gramm (0,68 € * / 100 Gramm)"
401,"Zwiebelkrupuk ""Fancy"", Cap 2  Menara, 250g","1,89","Inhalt 250 Gramm (0,76 € * / 100 Gramm)"
402,"Krupuk Kampung ""Gado-Gado"", Nesia, 250g","1,99","Inhalt 250 Gramm (0,80 € * / 100 Gramm)"
403,"Zwiebelkrupuk, Finna, 380g","2,59","Inhalt 380 Gramm (6,82 € * / 1000 Gramm)"
404,"Weizennudeln Pancit, Buenas, 227g","2,69","Inhalt 227 Gramm (1,19 € * / 100 Gramm)"
405,"Trad. Krupuk mit Erdnüssen ""Rempeyek"", Tiga Rasa, 100g","1,99",Inhalt 100 Gramm
406,"Tofukrupuk, gebraten, Nesia, 100g","2,59","Inhalt 100 Gramm (25,90 € * / 1000 Gramm)"
407,"Sojabohnenpaste, Healthy Boy Brand, 700ml","3,19","Inhalt 700 ml (0,46 € * / 100 ml)"
408,"Shrimpkrupuk, pikant, gebraten, Tiga Rasa, 80g","1,59","Inhalt 80 Gramm (1,99 € * / 100 Gramm)"
409,"Shrimpkrupuk Sidoarjo, 8 x 5cm, Lucullus, 500g","4,79","Inhalt 500 Gramm (0,96 € * / 100 Gramm)"
410,"Shrimpkrupuk Sidoarjo, 2 x 3cm, Lucullus, 250g","2,49","Inhalt 250 Gramm (1,00 € * / 100 Gramm)"
411,"Shrimpkrupuk Sidoarjo Toko Oei, Finna, 500g","8,99","Inhalt 500 Gramm (1,80 € * / 100 Gramm)"
412,"Shrimpkrupuk Bahagia, Finna, 500g","7,99","Inhalt 500 Gramm (1,60 € * / 100 Gramm)"
413,"Schwarzer Klebreis, North South, 400g","3,49","Inhalt 400 Gramm (0,87 € * / 100 Gramm)"
414,"Lapis Legit Asli, Morisca, 365g","4,79","Inhalt 365 Gramm (1,31 € * / 100 Gramm)"
415,"Lapis Legit Pandan, Morisca, 365g","4,79","Inhalt 365 Gramm (1,31 € * / 100 Gramm)"
416,"Lapis Legit Kelapa, Morisca, 365g","4,79","Inhalt 365 Gramm (1,31 € * / 100 Gramm)"
417,"Reisnudeln Bihoon, WaiWai, 500g","2,79","Inhalt 0.5 Kilogramm (5,58 € * / 1 Kilogramm)"
418,"Reisbandnudeln (5mm), Farmer, 400g","2,09","Inhalt 400 Gramm (5,23 € * / 1000 Gramm)"
419,"Reisbandnudeln (3mm), Farmer, 400g","2,09","Inhalt 400 Gramm (5,23 € * / 1000 Gramm)"
420,"Reisbandnudeln (10mm), Farmer, 400g","2,19","Inhalt 400 Gramm (5,48 € * / 1000 Gramm)"
421,"Melindjo Pedas, Nesia, 150g","2,39","Inhalt 150 Gramm (1,59 € * / 100 Gramm)"
422,"Melindjo Manis, Nesia, 150g","2,39","Inhalt 150 Gramm (1,59 € * / 100 Gramm)"
423,"Maissnack Bar-B-Q Flavour, BoyBawang, 100g","0,99",Inhalt 100 Gramm
424,"Maissnack Chili Cheese, BoyBawang, 100g","1,19",Inhalt 100 Gramm
425,"Maissnack Hot Garlic, BoyBawang, 100g","1,19","Inhalt 100 Gramm (11,90 € * / 1000 Gramm)"
426,"Kartoffelkrupuk, süß-scharf, Nesia, 200g","1,99","Inhalt 200 Gramm (1,00 € * / 100 Gramm)"
427,"Hot Nut mit Chiligeschmack, Dua Kelinci, 65g","1,19","Inhalt 65 Gramm (1,83 € * / 100 Gramm)"
428,"Fischkrupuk, Toko Oei, Finna,  500g","8,99","Inhalt 500 Gramm (1,80 € * / 100 Gramm)"
429,"Fischkrupuk ""Palembang"", bunt, gebraten, Tiga Rasa, 60g","2,49","Inhalt 60 Gramm (4,15 € * / 100 Gramm)"
430,"Kacang Balado, 2 Kelinci, 150g","1,99","Inhalt 150 Gramm (1,33 € * / 100 Gramm)"
431,"Emping, gebraten, Tiga Rasa, 150g","3,79","Inhalt 150 Gramm (2,53 € * / 100 Gramm)"
432,"Emping Pedas, Nesia, 150g","3,19","Inhalt 150 Gramm (2,13 € * / 100 Gramm)"
433,"Emping Manis, Nesia,150g","3,19","Inhalt 150 Gramm (2,13 € * / 100 Gramm)"
434,"Eiernudeln Kuda Menjangan, gelockt, Kuda Menjangan, 200g","0,99","Inhalt 200 Gramm (0,50 € * / 100 Gramm)"
435,"Eiernudeln Kuda Menjangan, dünn, Kuda Menjangan, 200g","0,99","Inhalt 200 Gramm (0,50 € * / 100 Gramm)"
436,"Eiernudeln Kuda Menjangan, breit, Kuda Menjangan, 200g","0,99","Inhalt 200 Gramm (0,50 € * / 100 Gramm)"
437,"Krupuk Kampung ""Singkong Pedas"", Nesia, 250g","1,89","Inhalt 250 Gramm (0,76 € * / 100 Gramm)"
438,"Krupuk Kampung ""Rawon"", BUNT, Nesia, 250g","1,69","Inhalt 250 Gramm (0,68 € * / 100 Gramm)"
439,"Krupuk Kampung ""Keong Mas"", Nesia, 250g","1,69","Inhalt 250 Gramm (0,68 € * / 100 Gramm)"
440,"Brem, Nesia, 100g","1,99",Inhalt 100 Gramm
441,"Bananenchips, salzig, Tropical Gourmet, 85g","1,69","Inhalt 85 Gramm (1,99 € * / 100 Gramm)"
442,"Cupnudel mit Zwiebel-Huhngeschmack, Nivo, 65g","1,19","Inhalt 65 Gramm (1,52 € * / 100 Gramm)"
443,"Cupnudel mit Curry-Hähnchengeschmack, Nivo, 65g","1,19","Inhalt 65 Gramm (1,52 € * / 100 Gramm)"
444,"Chinesische Fadennudel (Misua), Monika, 227g","2,39","Inhalt 227 Gramm (1,05 € * / 100 Gramm)"
445,"Emping Boemboe, Tiga Rasa, 160g","3,29","Inhalt 160 Gramm (2,06 € * / 100 Gramm)"
446,"Langkornreis AAA, Rice Field, 18kg","39,99","Inhalt 18 Kilogramm (1,94 € * / 1 Kilogramm)"
447,1 Karton (40 Stück) Indomie Mi Goreng Rendang,"22,99","Inhalt 40 Stück (0,57 € * / 1 Stück)"
448,"Indomie Mi Goreng Rendang, 80g","0,59","Inhalt 80 Gramm (0,01 € * / 1 Gramm)"
449,1 Karton (40 Stück) Indomie Mi Goreng,"18,99","Inhalt 40 Stück (0,47 € * / 1 Stück)"
450,"Indomie Chicken Curry Flavour, 80g","0,49","Inhalt 80 Gramm (0,61 € * / 100 Gramm)"
451,"Indomie Mi Goreng, 80g","0,49","Inhalt 80 Gramm (0,01 € * / 1 Gramm)"
452,"Ingwerbonbon Ting Ting Jahe Sin A, 40g","0,79","Inhalt 40 Gramm (1,98 € * / 100 Gramm)"
453,"Duftbruchreis, Royal Thai, 1kg","2,69","Inhalt 1 Kilogramm (0,27 € * / 0.1 Kilogramm)"
454,1 Karton (40 Stück) Indomie Mi Goreng Pedas,"18,99","Inhalt 1 Gramm (759,60 € * / 40 Gramm)"
455,"Mie Sedaap mit Sotogeschmack, 75g","0,49","Inhalt 72 Gramm (0,68 € * / 100 Gramm)"
456,1 Karton (40 Stück) Mie Sedaap mit Sotogeschmack,"19,49","Inhalt 40 Stück (0,49 € * / 1 Stück)"
457,"Langkornduftreis, Golden Phoenix, 1kg","4,09","Inhalt 1000 Gramm (0,41 € * / 100 Gramm)"
458,"Mie Sedaap Mie Goreng, 90g","0,49","Inhalt 90 Gramm (0,54 € * / 100 Gramm)"
459,"1 Karton (40 Stück) Mie Sedaap Mie Goreng, 90g","19,49","Inhalt 40 Stück (0,40 € * / 1 Stück)"
460,"Mie Sedaap Mie Sambal Goreng, 88g","0,49","Inhalt 88 Gramm (0,56 € * / 100 Gramm)"
461,"1 Karton (40 Stück) Mie Sedaap Mie Sambal Goreng, 88g","19,49","Inhalt 40 Stück (0,40 € * / 1 Stück)"
462,1 Karton (40 Stück) Mie Sedaap mit Hähnchen-Zwiebel-Ei-Geschmack,"17,99","Inhalt 40 Stück (0,45 € * / 1 Stück)"
463,"Mie Sedaap mit Hähnchen-Zwiebel-Ei Geschmack, 73g","0,49","Inhalt 73 Gramm (0,67 € * / 100 Gramm)"
464,"Indomie Mi Goreng Pedas, 79g","0,49","Inhalt 79 Gramm (0,62 € * / 100 Gramm)"
465,"Duftbruchreis, Golden Phoenix, 4,5kg","13,99","Inhalt 4.5 Kilogramm (3,11 € * / 1 Kilogramm)"
466,"Duftbruchreis, Royal Thai, 20kg","51,99","Inhalt 20 Kilogramm (2,60 € * / 1 Kilogramm)"
467,"Peanut Crisp Flakes, 136g","1,09","Inhalt 136 Gramm (8,01 € * / 1000 Gramm)"
468,"Sesam Crisp Flakes, 136g","1,09","Inhalt 136 Gramm (0,80 € * / 100 Gramm)"
469,"Ingwerbonbon Gingerbon, 125g","1,89","Inhalt 125 Gramm (1,51 € * / 100 Gramm)"
470,"Kripik Tempe, Ardani, 150g","2,99","Inhalt 180 Gramm (1,66 € * / 100 Gramm)"
471,"Tofukrupuk, gebraten,  Tiga Rasa, 80g","1,89","Inhalt 80 Gramm (2,36 € * / 100 Gramm)"
472,"Opak Pedis, gebraten, Udang Mas, 80g","1,99","Inhalt 80 Gramm (2,49 € * / 100 Gramm)"
473,"Kripik Singkong ""Balado"", Kusuka, 180g","2,99","Inhalt 180 Gramm (1,66 € * / 100 Gramm)"
474,"Kripik Singkong ""Ayam Bumbu Bali"", Kusuka, 180g","2,99","Inhalt 180 Gramm (1,66 € * / 100 Gramm)"
475,"Kripik Singkong ""Original"", Kusuka, 180g","2,99","Inhalt 180 Gramm (1,66 € * / 100 Gramm)"
476,"Cassavechips, Maicih, Level 10, 100g","2,99","Inhalt 125 Gramm (2,39 € * / 100 Gramm)"
477,"Krupuk Gendar Manis Pedas, Tiga Rasa, 80g","1,89","Inhalt 80 Gramm (2,36 € * / 100 Gramm)"
478,"Kripik Singkong ""Grilled Cheese"", Kusuka, 180g","2,99","Inhalt 180 Gramm (1,66 € * / 100 Gramm)"
479,"Kripik Singkong, ""Barbeque"", Kusuka, 180g","2,99","Inhalt 180 Gramm (1,66 € * / 100 Gramm)"
480,"Kripik Singkong ""Black Pepper Chicken"", Kuskuka, 180g","2,99","Inhalt 180 Gramm (1,66 € * / 100 Gramm)"
481,"Kartoffelkrupuk, süß-scharf, gebraten, Tiga Rasa, 70g","1,89","Inhalt 80 Gramm (2,36 € * / 100 Gramm)"
482,"Emping, gebraten, Udang Mas, 110g","2,99","Inhalt 110 Gramm (2,72 € * / 100 Gramm)"
483,"Krupuk Keong, gebraten, Tiga Rasa, 70g","1,79","Inhalt 70 Gramm (2,56 € * / 100 Gramm)"
484,"Cassavechips, Cap Payung, scharf, 250g","3,29","Inhalt 250 Gramm (1,32 € * / 100 Gramm)"
485,"Cassavechips,  Cap  Payung, 250g","2,89","Inhalt 250 Gramm (1,16 € * / 100 Gramm)"
486,"Rambutan mit Ananas in Syrup, Aroy-D, 565g","5,99","Inhalt 565 Gramm (10,60 € * / 1000 Gramm)"
487,"Kokosnusscreme im Block, Renuka, 200g","2,19","Inhalt 200 Gramm (1,10 € * / 100 Gramm)"
488,"Kokosmilch 100%, Aroy-D, 250ml","1,49","Inhalt 250 ml (0,60 € * / 100 ml)"
489,"Kokosmilch zum Kochen, Aroy-D, 400ml","2,59","Inhalt 400 ml (0,65 € * / 100 ml)"
490,"Kokosmilch, Aroy-D, 165 ml","1,29","Inhalt 165 ml (7,82 € * / 1000 ml)"
491,"Erdnüsse mit Haut, roh, 1kg","7,39","Inhalt 1000 Gramm (0,74 € * / 100 Gramm)"
492,"Kokosmilch 100%, Aroy-D, 1000ml","4,19","Inhalt 1000 ml (0,42 € * / 100 ml)"
493,"Schaumlöffel, 17cm","5,99",Inhalt 1 Stück
494,"Jackfrucht in Syrup, Aroy-D, 565g","3,49","Inhalt 565 Gramm (6,18 € * / 1000 Gramm)"
495,"Kokosmilchextrakt, Aroy-D, 400ml","2,49","Inhalt 400 ml (0,62 € * / 100 ml)"
496,"Sushireis Shinode, Sun Clad, 1kg","3,69","Inhalt 1 Kilogramm (36,90 € * / 10 Kilogramm)"
497,"Mango Pulp Kesar, 850g","4,49","Inhalt 0.85 Kilogramm (5,28 € * / 1 Kilogramm)"
498,"Mandelöl, KTC, 300ml","5,69","Inhalt 300 ml (1,90 € * / 100 ml)"
499,"Kokosraspel, Renuka, 500g","5,69","Inhalt 500 Gramm (1,14 € * / 100 Gramm)"
500,"Kokosraspel, Renuka, 1000g","8,99",Inhalt 1 Kilogramm
501,"Kokospulver, Chao Thai, 60g","1,29","Inhalt 60 Gramm (2,15 € * / 100 Gramm)"
502,"Kokospulver, Kara, 50g","0,99","Inhalt 50 Gramm (1,98 € * / 100 Gramm)"
503,"Kokospulver, Chao Thai, 160g","2,79","Inhalt 160 Gramm (1,74 € * / 100 Gramm)"
504,"Kokosmilch, Chaokoh, 250ml","1,49","Inhalt 250 ml (5,96 € * / 1000 ml)"
505,"Kokosmilch, Chaokoh, 1000ml","4,19","Inhalt 1000 ml (0,42 € * / 100 ml)"
506,"Kokosmilch 100%, Aroy-D, 500ml","2,49","Inhalt 500 ml (0,50 € * / 100 ml)"
507,"Kokosmilch 100%, Aroy-D, 150ml","0,99","Inhalt 150 ml (6,60 € * / 1000 ml)"
508,"Junges Kokosfleisch in Syrup, Aroy-D, 425g","2,99","Inhalt 425 Gramm (7,04 € * / 1000 Gramm)"
509,"Erdnüsse mit Haut, roh, TRS, 375g","3,49","Inhalt 0.375 Kilogramm (9,31 € * / 1 Kilogramm)"
510,"Kokosnusscreme Kara, 500ml","3,59","Inhalt 500 ml (0,72 € * / 100 ml)"
511,"Kokosnusscreme Kara, 200ml","1,89","Inhalt 200 ml (0,95 € * / 100 ml)"
512,"Gelbe Sojabohnen, 1kg","2,19","Inhalt 1 Kilogramm (0,22 € * / 0.1 Kilogramm)"
513,"Toddy Palmenherzenscheiben in Syrup, 565g","4,49","Inhalt 565 Gramm (7,95 € * / 1000 Gramm)"
514,"Tolakangin Madu, 12 x 15ml","5,99","Inhalt 180 ml (33,28 € * / 1000 ml)"
515,"Mungbohnen, 400g","1,89","Inhalt 400 Gramm (0,47 € * / 100 Gramm)"
516,"Toddy Palmherzen mit Jackfrucht in Syrup, 565g","3,59","Inhalt 565 Gramm (6,35 € * / 1000 Gramm)"
517,"Sushimatte, 24x24cm","0,99","Inhalt 1 Paket(e) (9,90 € * / 10 Paket(e))"
518,"Erdnüsse o. Haut, roh, 1kg","5,99","Inhalt 1 Kilogramm (0,60 € * / 0.1 Kilogramm)"
519,"Hefe für Tape, Nesia, 100g","2,99",Inhalt 100 Gramm
520,"Palmenzuckerpulver, Nesia, 250g","1,99","Inhalt 250 Gramm (0,80 € * / 100 Gramm)"
521,"Seroendeng Kampoeng, Nesia, 250g","3,99","Inhalt 250 Gramm (1,60 € * / 100 Gramm)"
522,"Geröstete rote Schalotten, Nesia, 75g","2,99","Inhalt 75 Gramm (3,99 € * / 100 Gramm)"
523,"Lontong Gewürzmischung, Nesia, 100g","1,99","Inhalt 100 Gramm (19,90 € * / 1000 Gramm)"
524,"Palmenzucker Nivo, 500g","3,49","Inhalt 500 Gramm (6,98 € * / 1000 Gramm)"
525,"Röstzwiebeln, Golden Turtle, 200g","1,29","Inhalt 200 Gramm (0,65 € * / 100 Gramm)"
526,"Rosenwasser, TRS, 190ml","1,79","Inhalt 190 ml (0,94 € * / 100 ml)"
527,"Röstzwiebeln, Golden Turtle, 500g","2,69","Inhalt 500 Gramm (5,38 € * / 1000 Gramm)"
528,"Geröstete rote Schalotten, Asian Boy, 200g","3,59","Inhalt 200 Gramm (1,80 € * / 100 Gramm)"
529,"Palmenzucker Nivo, 250g","1,99","Inhalt 250 Gramm (0,80 € * / 100 Gramm)"
530,"Tamarinde ohne Kerne, 400g","3,49","Inhalt 400 Gramm (0,87 € * / 100 Gramm)"
531,"Destillierter Essig, Golden Mountain, 1000ml","2,49","Inhalt 1000 ml (0,20 € * / 100 ml)"
532,"Geröstete Knoblauchscheiben, Nesia, 75g","2,49","Inhalt 75 Gramm (3,32 € * / 100 Gramm)"
533,"Tempura Paniermehl, Gogi, 150g","1,29","Inhalt 150 Gramm (0,86 € * / 100 Gramm)"
534,"Tepung Bumbu, Kobe, 75g","0,99","Inhalt 75 Gramm (1,32 € * / 100 Gramm)"
535,"Tamarindenpaste, Flower Brand, 200g","2,89","Inhalt 200 Gramm (1,45 € * / 100 Gramm)"
536,"Gula Jawa, Lucullus, 250g","1,99","Inhalt 250 Gramm (0,80 € * / 100 Gramm)"
537,"Gula Jawa, Cap Wayang, 250g","3,49","Inhalt 250 Gramm (1,40 € * / 100 Gramm)"
538,"Trassi Bakar, Flower Brand, 25g","0,85","Inhalt 25 Gramm (3,40 € * / 100 Gramm)"
539,"Destillierter Essig, Golden Mountain, 200ml","0,99","Inhalt 200 ml (0,50 € * / 100 ml)"
540,"Brotkrumen, Lobo, 200g","2,79","Inhalt 200 Gramm (1,30 € * / 100 Gramm)"
541,"10 x Trassi Bakar, Flower Brand, 25g","7,99","Inhalt 250 Gramm (3,20 € * / 100 Gramm)"
542,"Bumbu Serbaguna Spesial, Kobe, 75g","0,89","Inhalt 75 Gramm (1,19 € * / 100 Gramm)"
543,"Bumbu Rendang, 240g","4,29","Inhalt 240 Gramm (1,79 € * / 100 Gramm)"
544,"Bumbu Soto Ayam, 250g","4,29","Inhalt 230 Gramm (1,87 € * / 100 Gramm)"
545,"Ayam Bakar Kecap, Dua Kuali, 50g","0,89","Inhalt 50 Gramm (1,78 € * / 100 Gramm)"
546,"Bumbu Daging Lada Hitam, Finna, 50g","0,79","Inhalt 50 Gramm (1,58 € * / 100 Gramm)"
547,"Bakwan & Perkedel, Kobe, 75g","1,19","Inhalt 74 Gramm (1,61 € * / 100 Gramm)"
548,"Tom Ka Paste, Lobo, 50g","0,99","Inhalt 50 Gramm (1,98 € * / 100 Gramm)"
549,"12 x Nasi Goreng Pedas, Bamboe, 40g","11,49","Inhalt 480 Gramm (2,39 € * / 100 Gramm)"
550,"Nasi Goreng Pedas, Bamboe, 40g","0,99","Inhalt 40 Gramm (2,48 € * / 100 Gramm)"
551,"Nasi Kuning, Bamboe, 55g","0,99","Inhalt 55 Gramm (1,80 € * / 100 Gramm)"
552,"12 x Nasi Kuning, Bamboe, 55g","11,49","Inhalt 660 Gramm (1,74 € * / 100 Gramm)"
553,"Tepung Bakso, Mamasuka, 32g","0,69","Inhalt 32 Gramm (2,16 € * / 100 Gramm)"
554,"Mie Goreng Jawa, Dua Kuali, 50g","0,89","Inhalt 50 Gramm (1,78 € * / 100 Gramm)"
555,"Nasi Goreng Jawa, Dua Kuali, 50g","0,89","Inhalt 50 Gramm (1,78 € * / 100 Gramm)"
556,"Lodeh, Dua  Kuali, 50g","0,89","Inhalt 50 Gramm (1,78 € * / 100 Gramm)"
557,"Gule, Dua Kuali, 50g","0,89","Inhalt 50 Gramm (1,78 € * / 100 Gramm)"
558,"Rendang Mix, Koningsvogel, 100g","1,59","Inhalt 100 Gramm (15,90 € * / 1000 Gramm)"
559,"Kentucky Hot, Unifood, 200g","1,99","Inhalt 200 Gramm (1,00 € * / 100 Gramm)"
560,"Tepung Tempe Goreng, Kobe, 30g","0,89","Inhalt 30 Gramm (2,97 € * / 100 Gramm)"
561,"Bumbu Rendang, Finna, 50g","0,79","Inhalt 50 Gramm (1,58 € * / 100 Gramm)"
562,"Opor, Bamboe, 35g","0,99","Inhalt 35 Gramm (2,83 € * / 100 Gramm)"
563,"Bumbu Nasi Kuning, Dua Kuali, 70g","0,89","Inhalt 70 Gramm (1,27 € * / 100 Gramm)"
564,"12 x Mie Goreng, Bamboe, 45g","11,49","Inhalt 540 Gramm (2,13 € * / 100 Gramm)"
565,"Mie Goreng, Bamboe, 45g","0,99","Inhalt 45 Gramm (2,20 € * / 100 Gramm)"
566,"Rendang, Bamboe, 35g","0,99","Inhalt 420 Gramm (0,24 € * / 100 Gramm)"
567,"12 x Soto Betawi, Bamboe, 58g","11,49","Inhalt 696 Gramm (1,65 € * / 100 Gramm)"
568,"12 x Lodeh, Bamboe, 54g","11,49","Inhalt 648 Gramm (1,77 € * / 100 Gramm)"
569,"Lodeh, Bamboe, 54g","0,99","Inhalt 54 Gramm (1,83 € * / 100 Gramm)"
570,"12 x Opor, Bamboe, 35g","11,49","Inhalt 420 Gramm (2,74 € * / 100 Gramm)"
571,"Opor, Bamboe, 1kg","16,99","Inhalt 35 Gramm (48,54 € * / 100 Gramm)"
572,"Rawon, Bamboe, 54g","0,99","Inhalt 54 Gramm (1,83 € * / 100 Gramm)"
573,"12 x Rawon, Bamboe, 54g","11,49","Inhalt 648 Gramm (1,77 € * / 100 Gramm)"
574,"12 x Sayur Asem, Bamboe, 60g","11,49","Inhalt 720 Gramm (1,60 € * / 100 Gramm)"
575,"Sayur Asem, Bamboe, 60g","0,99","Inhalt 60 Gramm (1,65 € * / 100 Gramm)"
576,"12 x Sambal Goreng Ati, Bamboe, 54g","11,49","Inhalt 648 Gramm (1,77 € * / 100 Gramm)"
577,"Sambal Goreng Ati, Bamboe, 54g","0,99","Inhalt 54 Gramm (1,83 € * / 100 Gramm)"
578,"Semur, Bamboe, 69g","0,99","Inhalt 69 Gramm (1,43 € * / 100 Gramm)"
579,"12 x Semur, Bamboe, 69g","11,49","Inhalt 828 Gramm (1,39 € * / 100 Gramm)"
580,"Sop, Bamboe, 49g","0,99","Inhalt 49 Gramm (2,02 € * / 100 Gramm)"
581,"12 x Sop, Bamboe, 49g","11,49","Inhalt 588 Gramm (1,95 € * / 100 Gramm)"
582,"12 x Soto Ayam, Bamboe, 40g","11,49","Inhalt 480 Gramm (2,39 € * / 100 Gramm)"
583,"Soto Ayam, Bamboe, 40g","0,99","Inhalt 40 Gramm (2,48 € * / 100 Gramm)"
584,"Soto Betawi, Bamboe, 58g","0,99","Inhalt 58 Gramm (1,71 € * / 100 Gramm)"
585,"Soto Madura / Soto Daging, Bamboe, 40g","0,99","Inhalt 40 Gramm (2,48 € * / 100 Gramm)"
586,"12 x Soto Madura, Bamboe, 40g","11,49","Inhalt 480 Gramm (2,39 € * / 100 Gramm)"
587,"Tom Yum Paste, Lobo, 30g","0,99","Inhalt 30 Gramm (3,30 € * / 100 Gramm)"
588,"Soto Daging, Dua Kuali, 60g","0,89","Inhalt 60 Gramm (1,48 € * / 100 Gramm)"
589,"Soto Ayam (Lamongan), Dua Kuali, 60g","0,89","Inhalt 60 Gramm (1,48 € * / 100 Gramm)"
590,"Sop Buntut, Dua Kuali, 50g","0,89","Inhalt 50 Gramm (1,78 € * / 100 Gramm)"
591,"Semur, Dua Kuali, 50g","0,89","Inhalt 50 Gramm (1,78 € * / 100 Gramm)"
592,"Sayur Asem, Dua Kuali, 60g","0,89","Inhalt 60 Gramm (1,48 € * / 100 Gramm)"
593,"Sambal Goreng, Dua  Kuali, 50g","0,89","Inhalt 50 Gramm (1,78 € * / 100 Gramm)"
594,"Rendang Padang, Dua Kuali, 50g","0,89","Inhalt 50 Gramm (1,78 € * / 100 Gramm)"
595,"Rawon, Dua Kuali, 60g","0,89","Inhalt 60 Gramm (1,48 € * / 100 Gramm)"
596,"Opor Ayam, Dua Kuali, 50g","0,89","Inhalt 50 Gramm (1,78 € * / 100 Gramm)"
597,"Nasi Goreng, Dua Kuali, 50g","0,89","Inhalt 50 Gramm (1,78 € * / 100 Gramm)"
598,"Nasi Goreng Ikan Asin, Dua Kuali, 50g","0,89","Inhalt 50 Gramm (1,78 € * / 100 Gramm)"
599,"Mie Goreng, Bamboe, 1kg","15,99",Inhalt 1 Kilogramm
600,"Krengsengan, Dua Kuali, 50g","0,89","Inhalt 50 Gramm (1,78 € * / 100 Gramm)"
601,"Kentucky Super Crispy, Kobe, 75g","0,99","Inhalt 75 Gramm (1,32 € * / 100 Gramm)"
602,"Kentucky Original Kobe, Kobe, 150g","1,79","Inhalt 150 Gramm (11,93 € * / 1000 Gramm)"
603,"Kentucky Hot Kobe, Kobe, 150g","1,79","Inhalt 150 Gramm (11,93 € * / 1000 Gramm)"
604,"Kare Ayam, Dua Kuali, 50g","0,89","Inhalt 50 Gramm (1,78 € * / 100 Gramm)"
605,"Bami Goreng Mix, Koningsvogel, 100g","1,59","Inhalt 100 Gramm (15,90 € * / 1000 Gramm)"
606,"Ayam Pedis Mix, Koningsvogel, 100g","1,59","Inhalt 100 Gramm (15,90 € * / 1000 Gramm)"
607,"Currypaste, rot, Lobo, 50g","0,89","Inhalt 50 Gramm (1,78 € * / 100 Gramm)"
608,"Currypaste, grün, Lobo, 50g","0,89","Inhalt 50 Gramm (1,78 € * / 100 Gramm)"
609,"Currypaste, gelb, Lobo, 50g","0,89","Inhalt 50 Gramm (1,78 € * / 100 Gramm)"
610,"12 x Rendang, Bamboe, 35g","11,49","Inhalt 420 Gramm (2,74 € * / 100 Gramm)"
611,"Bumbu Soto, Finna, 50g","0,79","Inhalt 50 Gramm (1,58 € * / 100 Gramm)"
612,"Bumbu Rujak, Finna, 50g","0,79","Inhalt 50 Gramm (1,58 € * / 100 Gramm)"
613,"Bumbu Rujak, Dua Kuali, 45g","0,89","Inhalt 45 Gramm (1,98 € * / 100 Gramm)"
614,"Bumbu Nasi Goreng, Super Pedas, Kobe, 20g","0,59","Inhalt 20 Gramm (2,95 € * / 100 Gramm)"
615,"Bumbu Kuah Bakso, Mamasuka, 100g","1,19",Inhalt 100 Gramm
616,"Bumbu Kalasan, Kobe, 35g","0,69","Inhalt 34 Gramm (2,03 € * / 100 Gramm)"
617,"Bumbu Empal Goreng, Dua Kuali, 60g","0,89","Inhalt 60 Gramm (1,48 € * / 100 Gramm)"
618,"Bumbu Bali, Dua Kuali, 45g","0,89","Inhalt 45 Gramm (1,98 € * / 100 Gramm)"
619,"Bumbu Pedas, Kobe, 75g","0,89","Inhalt 75 Gramm (1,19 € * / 100 Gramm)"
620,"Tepung Pisang Goreng, Kobe, 80g","0,89","Inhalt 80 Gramm (1,11 € * / 100 Gramm)"
621,"Ayam Goreng, Dua Kuali, 50g","0,89","Inhalt 50 Gramm (1,78 € * / 100 Gramm)"
622,"Bon Cabe, Level 30, Kobe, 40g","3,19","Inhalt 40 Gramm (7,98 € * / 100 Gramm)"
623,"Masako Sapi, Ajinomoto, 250g","2,49","Inhalt 250 Gramm (1,00 € * / 100 Gramm)"
624,"Kurkumapulver, TRS, 100g","1,19","Inhalt 100 Gramm (11,90 € * / 1000 Gramm)"
625,"Garnelenpaste, Mae Pranom, 100g","1,99",Inhalt 100 Gramm
626,"Currypulver, scharf, TRS, 100g","1,39","Inhalt 100 Gramm (13,90 € * / 1000 Gramm)"
627,"Garam Masala, gemahlen, TRS, 400g","5,99","Inhalt 400 Gramm (1,50 € * / 100 Gramm)"
628,"Korianderpulver, TRS, 100g","1,39","Inhalt 100 Gramm (13,90 € * / 1000 Gramm)"
629,"Chilipulver, gemahlen, TRS, 100g","1,89","Inhalt 100 Gramm (18,90 € * / 1000 Gramm)"
630,"Hainanese Chicken Rice, AHG, 50g","1,59","Inhalt 50 Gramm (3,18 € * / 100 Gramm)"
631,"Ingwerpulver, gemahlen, TRS, 100g","1,69","Inhalt 100 Gramm (16,90 € * / 1000 Gramm)"
632,"Muskatpulver, gemahlen, 45g","2,99","Inhalt 45 Gramm (6,64 € * / 100 Gramm)"
633,"Masako Ayam, Ajinomoto, 250g","2,49","Inhalt 250 Gramm (1,00 € * / 100 Gramm)"
634,"Mee Goreng, AHG, 50g","1,59","Inhalt 50 Gramm (3,18 € * / 100 Gramm)"
635,"Garnelenpaste Petis, Jenny`s, 240g","3,89","Inhalt 240 Gramm (1,62 € * / 100 Gramm)"
636,"Erdnußsauce für Sate AHG, 50g","1,59","Inhalt 50 Gramm (3,18 € * / 100 Gramm)"
637,"Anisstern, ganz, TRS, 50g","2,59","Inhalt 50 Gramm (5,18 € * / 100 Gramm)"
638,"Ayam Goreng Kalasan, Bamboe, 55g","0,99","Inhalt 55 Gramm (1,80 € * / 100 Gramm)"
639,"Schwarzer Pfeffer, ganz, TRS, 100g","1,99","Inhalt 100 Gramm (19,90 € * / 1000 Gramm)"
640,"12 x Bumbu Rujak, Bamboe, 49g","11,49","Inhalt 588 Gramm (1,95 € * / 100 Gramm)"
641,"Bumbu Rujak, Bamboe, 46g","0,99","Inhalt 46 Gramm (2,15 € * / 100 Gramm)"
642,"12 x Ayam Goreng, Bamboe, 33g","11,49","Inhalt 396 Gramm (2,90 € * / 100 Gramm)"
643,"Ayam Goreng, Bamboe, 33g","0,99","Inhalt 33 Gramm (3,00 € * / 100 Gramm)"
644,"12 x Bumbu Balado, Bamboe, 35g","11,49","Inhalt 420 Gramm (2,74 € * / 100 Gramm)"
645,"Bumbu Balado, Bamboe, 35g","0,99","Inhalt 35 Gramm (2,83 € * / 100 Gramm)"
646,"12 x Bumbu Bali, Bamboe, 49g","11,49","Inhalt 588 Gramm (1,95 € * / 100 Gramm)"
647,"Bumbu Bali, Bamboe, 49g","0,99","Inhalt 49 Gramm (2,02 € * / 100 Gramm)"
648,"12 x Gule, Bamboe, 35g","11,49","Inhalt 420 Gramm (2,74 € * / 100 Gramm)"
649,"Gule, Bamboe, 35g","0,99","Inhalt 35 Gramm (2,83 € * / 100 Gramm)"
650,"12 x Kare, Bamboe, 35g","11,49","Inhalt 420 Gramm (2,74 € * / 100 Gramm)"
651,"Kare, Bamboe, 35g","0,99","Inhalt 35 Gramm (2,83 € * / 100 Gramm)"
652,"Ayam Goreng Kalasan, Bamboe, 1kg","15,99",Inhalt 1 Kilogramm
653,"12 x Ayam Goreng Kalasan, Bamboe, 55g","11,49","Inhalt 660 Gramm (17,41 € * / 1000 Gramm)"
654,"Zitronengraspulver, Cock, 100g","2,39","Inhalt 100 Gramm (23,90 € * / 1000 Gramm)"
655,"Zimtstangen, TRS, 50g","1,09","Inhalt 50 Gramm (2,18 € * / 100 Gramm)"
656,"Zimt, gemahlen, TRS, 100g","1,69","Inhalt 100 Gramm (16,90 € * / 1000 Gramm)"
657,"Weisser Pfeffer, gemahlen, TRS, 100g","2,99","Inhalt 100 Gramm (27,90 € * / 1000 Gramm)"
658,"Temulawak, Nesia, 150g","2,99","Inhalt 150 Gramm (1,99 € * / 100 Gramm)"
659,"Tandoori Masala (Grillgewürz), TRS, 100g","1,39","Inhalt 100 Gramm (13,90 € * / 1000 Gramm)"
660,"Schwarzer Pfeffer, gemahlen, TRS, 100g","1,79","Inhalt 100 Gramm (17,90 € * / 1000 Gramm)"
661,"Satemarinade, AHG, 50g","1,59","Inhalt 50 Gramm (3,18 € * / 100 Gramm)"
662,"Salamblätter, trocken, Lucullus, 10g","1,09","Inhalt 10 Gramm (10,90 € * / 100 Gramm)"
663,"Rendang Curry, AHG, 50g","1,59","Inhalt 50 Gramm (3,18 € * / 100 Gramm)"
664,"Nelken, TRS, 50g","1,89","Inhalt 50 Gramm (3,78 € * / 100 Gramm)"
665,"Lorbeerblätter, TRS, 30g","2,39","Inhalt 30 Gramm (7,97 € * / 100 Gramm)"
666,"Laksa, AHG, 60g","1,59","Inhalt 60 Gramm (2,65 € * / 100 Gramm)"
667,"Kurkumapulver, TRS, 400g","2,99","Inhalt 400 Gramm (0,75 € * / 100 Gramm)"
668,"Kreuzkümmel, gemahlen, TRS, 100g","1,79","Inhalt 100 Gramm (17,90 € * / 1000 Gramm)"
669,"Kreuzkümmel, ganz, TRS, 100g","1,49","Inhalt 100 Gramm (14,90 € * / 1000 Gramm)"
670,"Koriander, ganz, TRS, 100g","1,39","Inhalt 100 Gramm (13,90 € * / 1000 Gramm)"
671,"Knoblauchpulver, TRS, 100g","1,49","Inhalt 100 Gramm (14,90 € * / 1000 Gramm)"
672,"Kluwaknuß, Nesia, 100g","2,49",Inhalt 100 Gramm
673,"Kardamom, ganz, TRS, 50g","6,49","Inhalt 50 Gramm (9,98 € * / 100 Gramm)"
674,"Kapoer Sirih, Nesia, 100g","1,99","Inhalt 100 Gramm (19,90 € * / 1000 Gramm)"
675,"Glutamat, Spoon, 93g","0,99","Inhalt 93 Gramm (1,06 € * / 100 Gramm)"
676,"Garam Masala, TRS, 100g","1,49","Inhalt 100 Gramm (14,90 € * / 1000 Gramm)"
677,"Galangapulver, gemahlen, Cock,100g","2,19","Inhalt 100 Gramm (21,90 € * / 1000 Gramm)"
678,"Daun Kumis Kucing, Nesia, 50g","1,99","Inhalt 50 Gramm (3,98 € * / 100 Gramm)"
679,"Bon Cabe, Level 15, Kobe, 50g","2,59","Inhalt 50 Gramm (5,18 € * / 100 Gramm)"
680,"Bon Cabe, Level 10, Kobe, 50g","2,59","Inhalt 50 Gramm (5,18 € * / 100 Gramm)"
681,"Bon Cabe, Level 10, Kobe, 22,5g","1,19","Inhalt 22.5 Gramm (5,29 € * / 100 Gramm)"
682,"Currypulver, mild, TRS, 100g","1,39","Inhalt 100 Gramm (13,90 € * / 1000 Gramm)"
683,"Chiliflocken, TRS, 100g","1,89","Inhalt 100 Gramm (18,90 € * / 1000 Gramm)"
684,"Currypulver, scharf, TRS, 400g","3,99","Inhalt 400 Gramm (1,00 € * / 100 Gramm)"
685,"Currypulver, mild, TRS, 400g","3,99","Inhalt 400 Gramm (1,00 € * / 100 Gramm)"
686,"Chilipulver, extra scharf, gemahlen, TRS, 400g","4,99","Inhalt 400 Gramm (1,25 € * / 100 Gramm)"
687,"Chili, getrocknet, ganz, TRS, 50g","1,19","Inhalt 50 Gramm (2,38 € * / 100 Gramm)"
688,"Bumbu Nasi Goreng, AHG, 50g","1,59","Inhalt 50 Gramm (3,18 € * / 100 Gramm)"
689,"Bockshornklee, TRS, 100g","0,99","Inhalt 100 Gramm (9,90 € * / 1000 Gramm)"
690,"Kemirinuss, 100g","1,99",Inhalt 100 Gramm
691,"Kenchurwurzel, geschnitten, 100g","2,99","Inhalt 100 Gramm (29,90 € * / 1000 Gramm)"
692,"Selasih, Nesia, 100g","1,99","Inhalt 100 Gramm (19,90 € * / 1000 Gramm)"
693,"Kokosgetränk mit Frucht, Foco, 350ml","1,79","Inhalt 350 ml (0,51 € * / 100 ml)"
694,"Kokosgetränk mit geröstetem Fruchtfleisch, Foco, 350ml","1,79","Inhalt 350 ml (0,51 € * / 100 ml)"
695,"M-150, Energygetränk, 150ml","0,79","Inhalt 150 ml (0,53 € * / 100 ml)"
696,"Tumis Tahu Tempe, Indomas, 425g","3,99","Inhalt 425 Gramm (0,94 € * / 100 Gramm)"
697,"Baby Anchovis, getrocknet, Jefi,100g","6,99",Inhalt 100 Gramm
698,"Bambussprossen Streifen, Thai Pride, 540g","2,89","Inhalt 540 Gramm (0,54 € * / 100 Gramm)"
699,"Getrockneter Eidechsenfisch, BDMP, 200g","6,39","Inhalt 200 Gramm (3,20 € * / 100 Gramm)"
700,"Bananenblüten, Chaokoh, 510g","2,19","Inhalt 0.51 Kilogramm (4,29 € * / 1 Kilogramm)"
701,"Bumbu Gado-Gado, Asli, 200g","2,79","Inhalt 200 Gramm (1,40 € * / 100 Gramm)"
702,"Erdnußsauce für Pecel Asli, 200g","2,79","Inhalt 200 Gramm (1,40 € * / 100 Gramm)"
703,"Erdnußpaste, Pinda Kaas, 500g","3,99","Inhalt 500 Gramm (0,80 € * / 100 Gramm)"
704,"Atjar Tjampoer, Flower Brand, 330g","1,19","Inhalt 330 Gramm (0,36 € * / 100 Gramm)"
705,"Petebohnen, Daily, 200g","3,89","Inhalt 200 Gramm (1,95 € * / 100 Gramm)"
706,"Anchovis, gebraten, Tiga Rasa, 70g","4,49","Inhalt 70 Gramm (6,41 € * / 100 Gramm)"
707,"Junge Jackfrucht in Wasser, Aroy-D, 565g","2,69","Inhalt 565 Gramm (0,48 € * / 100 Gramm)"
708,"Sayur Asem, Indomas, 425g","2,69","Inhalt 425 Gramm (0,63 € * / 100 Gramm)"
709,"Sardinen in Tomatensoße, Ligo, 155g","1,49","Inhalt 155 Gramm (0,96 € * / 100 Gramm)"
710,"Sayur Lodeh, Indomas, 425g","3,19","Inhalt 425 Gramm (0,75 € * / 100 Gramm)"
711,"Sayur Gudeg, Indomas, 210g","1,69","Inhalt 210 Gramm (0,80 € * / 100 Gramm)"
712,"Sardinen in Tomatensoße, Morjon, 425g","4,39","Inhalt 425 Gramm (1,03 € * / 100 Gramm)"
713,"Sardinen in Tomatensauce, Morjon, 215g","2,49","Inhalt 215 Gramm (1,16 € * / 100 Gramm)"
714,"Sardinen in scharfer Tomatensoße, Ligo, 155g","1,49","Inhalt 155 Gramm (0,96 € * / 100 Gramm)"
715,"Sambal Goreng Udang, Indomas, 210g","2,69","Inhalt 210 Gramm (1,28 € * / 100 Gramm)"
716,"Nata de Coco Pudding, gemischt, Cocon, 708g","4,99","Inhalt 708 Gramm (0,70 € * / 100 Gramm)"
717,"Mango Jelly Pudding, Cocon, 6x80g","3,49","Inhalt 0.48 Kilogramm (7,27 € * / 1 Kilogramm)"
718,"Mango Jelly Pudding, Cocon, 118g","0,59","Inhalt 118 Gramm (0,50 € * / 100 Gramm)"
719,"Lychee Jelly Pudding, Cocon, 6x80g","3,49","Inhalt 0.48 Kilogramm (7,27 € * / 1 Kilogramm)"
720,"Jackfrucht Jelly Pudding, Cocon, 118g","0,69","Inhalt 118 Gramm (0,58 € * / 100 Gramm)"
721,"Gesalzener Senfkohl (sauer), Lotus, 350g","1,59","Inhalt 350 Gramm (0,45 € * / 100 Gramm)"
722,"Geflügel Frühstücksfleisch, 200g","2,19","Inhalt 200 Gramm (1,10 € * / 100 Gramm)"
723,"Bumbu Sate, Asli, scharf, 200g","2,79","Inhalt 200 Gramm (1,40 € * / 100 Gramm)"
724,"Bambussprossen Scheiben, Thai Pride, 540g","2,49","Inhalt 540 Gramm (0,37 € * / 100 Gramm)"
725,"Anchovis, scharf gebraten, Nesia, 70g","3,19","Inhalt 70 Gramm (4,56 € * / 100 Gramm)"
726,"Erdnußpaste, Pinda Kaas, 350g","2,99","Inhalt 350 Gramm (0,85 € * / 100 Gramm)"
727,"Corned Beef, 340g","4,99","Inhalt 340 Gramm (1,47 € * / 100 Gramm)"
728,"Rind Frühstücksfleisch, 200g","2,19","Inhalt 200 Gramm (1,10 € * / 100 Gramm)"
729,"Segitiga Biru, Bogasari, 1kg","3,49",Inhalt 1 Kilogramm
730,"Sagu Mutiara, Nesia, 100g","1,09",Inhalt 100 Gramm
731,"Aroma Paste Durian, 30ml","0,99","Inhalt 30 ml (3,30 € * / 100 ml)"
732,"Mungbohnenmehl ""Tepung Hun Kwe"", Cap Boenga, 120g","3,99","Inhalt 120 Gramm (3,33 € * / 100 Gramm)"
733,"Cendolmehl mit Pandan, Sruut, 100g","1,69",Inhalt 100 Gramm
734,"Pandan Chiffon, Pondan, 400g","4,39","Inhalt 400 Gramm (1,08 € * / 98 Gramm)"
735,"SP, Koepoe, 30g","1,49","Inhalt 30 Gramm (4,97 € * / 100 Gramm)"
736,"Blauer Farbstoff, Koepoe, 30ml","0,99","Inhalt 30 ml (3,30 € * / 100 ml)"
737,"Agar-Agar, braun, 7g","0,79","Inhalt 7 Gramm (11,29 € * / 100 Gramm)"
738,"Margarine ""Blue Band"", 250g","2,99","Inhalt 250 Gramm (1,20 € * / 100 Gramm)"
739,"Reismehl, 400g","1,69","Inhalt 400 Gramm (0,42 € * / 100 Gramm)"
740,"Mungbohnenmehl Tepung Hun Kwe, grün, Nona, 100g","1,99",Inhalt 100 Gramm
741,"Mungbohnenmehl Tepung Hun Kwe, rot, Nona, 100g","1,99",Inhalt 100 Gramm
742,"TBM, Koepoe, 80g","2,19","Inhalt 80 Gramm (2,74 € * / 100 Gramm)"
743,"Tepung Goreng Pisang, Pondan, 200g","1,49","Inhalt 200 Gramm (0,75 € * / 100 Gramm)"
744,"Martabak Mix, Pondan, 400g","3,99","Inhalt 400 Gramm (0,99 € * / 99 Gramm)"
745,"Aroma Paste Pandan, 1L","19,99","Inhalt 25 ml (79,96 € * / 100 ml)"
746,"Kunci Biru, Bogasari, 1kg","3,49",Inhalt 1 Kilogramm
747,"Sagomehl, Flower Brand, 500g","1,99","Inhalt 500 Gramm (0,40 € * / 100 Gramm)"
748,"Roter Farbstoff, Koepoe, 30ml","0,99","Inhalt 30 ml (3,30 € * / 100 ml)"
749,"Ovalett, Koepoe, 30g","1,49","Inhalt 30 Gramm (4,97 € * / 100 Gramm)"
750,"Mungbohnenmehl Tepung Hun Kwe, gelb, Nona, 100g","1,99",Inhalt 100 Gramm
751,"Grüner Farbstoff, Koepoe, 30ml","0,99","Inhalt 30 ml (3,30 € * / 100 ml)"
752,"Gelber Farbstoff, Koepoe, 30ml","0,99","Inhalt 30 ml (3,30 € * / 100 ml)"
753,"Cream of Tartar, Koepoe, 43g","1,49","Inhalt 43 Gramm (3,47 € * / 100 Gramm)"
754,"Kue Mangkok, Pondan, 400g","3,99","Inhalt 400 Gramm (1,00 € * / 100 Gramm)"
755,"Bika Ambon, Pondan, 330g","3,99","Inhalt 330 Gramm (1,21 € * / 100 Gramm)"
756,"Bolu Kukus Serbaguna, Pondan, 400g","3,99","Inhalt 400 Gramm (1,00 € * / 100 Gramm)"
757,"Agar-Agar mit Kokosaroma, Lobo, 60g","1,59","Inhalt 60 Gramm (2,65 € * / 100 Gramm)"
758,"Tapiokamehl, 400g","1,29","Inhalt 400 Gramm (0,32 € * / 100 Gramm)"
759,"Aroma Paste Vanille, 30ml","0,99","Inhalt 30 ml (3,30 € * / 100 ml)"
760,"Aroma Paste Mocca, 30ml","0,99","Inhalt 30 ml (3,30 € * / 100 ml)"
761,"Aroma Paste Pandan, 25ml","1,09","Inhalt 25 ml (4,36 € * / 100 ml)"
762,"Klebreismehl, 400g","1,89","Inhalt 400 Gramm (0,47 € * / 100 Gramm)"
763,"Aroma Paste Pisang Ambon, 30ml","0,99","Inhalt 30 ml (3,30 € * / 100 ml)"
764,"Agar-Agar, weiß/transparent, 7g","0,79","Inhalt 7 Gramm (11,29 € * / 100 Gramm)"
765,"Maisstärke, Kornstärke, Kingsford, 420g","3,19","Inhalt 420 Gramm (0,76 € * / 100 Gramm)"
766,"Agar-Agar, rot, 7g","0,79","Inhalt 7 Gramm (11,29 € * / 100 Gramm)"
767,"Agar-Agar, grün, 7g","0,79","Inhalt 7 Gramm (11,29 € * / 100 Gramm)"
768,"Aroma Paste Nangka, 30ml","0,99","Inhalt 30 ml (3,30 € * / 100 ml)"
769,"Aroma Paste Rosen, 30ml","0,99","Inhalt 30 ml (3,30 € * / 100 ml)"
770,"Aroma Paste Cocopandan, 30ml","0,99","Inhalt 30 ml (3,30 € * / 100 ml)"
771,"Chili, rot , 100g","2,99","Inhalt 100 Gramm (29,90 € * / 1000 Gramm)"
772,"Kacang Atom, 200g","2,19","Inhalt 200 Gramm (1,10 € * / 100 Gramm)"
